timestamp,turbine_id,anomaly_score,suspected_component,evidence,method,confirmed,verification_status
2026-02-18T15:30:00.000000000,TB09,0.9001,power_output,Low power at high wind speed,heuristic_screening,False,SCREENING_ONLY
2026-01-19T17:00:00.000000000,TB10,2.5192,power_output,Statistical anomaly (z=2.52),heuristic_screening,False,SCREENING_ONLY
2026-01-19T17:10:00.000000000,TB10,2.5267,power_output,Statistical anomaly (z=2.53),heuristic_screening,False,SCREENING_ONLY
2026-01-20T16:40:00.000000000,TB10,2.5512,power_output,Statistical anomaly (z=2.55),heuristic_screening,False,SCREENING_ONLY
2026-01-20T16:50:00.000000000,TB10,2.5603,power_output,Statistical anomaly (z=2.56),heuristic_screening,False,SCREENING_ONLY
2026-01-21T14:30:00.000000000,TB10,2.5612,power_output,Statistical anomaly (z=2.56),heuristic_screening,False,SCREENING_ONLY
2026-01-21T14:40:00.000000000,TB10,2.5037,power_output,Statistical anomaly (z=2.50),heuristic_screening,False,SCREENING_ONLY
2026-01-21T14:50:00.000000000,TB10,2.5333,power_output,Statistical anomaly (z=2.53),heuristic_screening,False,SCREENING_ONLY
2026-01-21T15:00:00.000000000,TB10,2.564,power_output,Statistical anomaly (z=2.56),heuristic_screening,False,SCREENING_ONLY
2026-01-21T15:10:00.000000000,TB10,2.5088,power_output,Statistical anomaly (z=2.51),heuristic_screening,False,SCREENING_ONLY
2026-01-21T15:20:00.000000000,TB10,2.5446,power_output,Statistical anomaly (z=2.54),heuristic_screening,False,SCREENING_ONLY
2026-01-21T15:30:00.000000000,TB10,2.5498,power_output,Statistical anomaly (z=2.55),heuristic_screening,False,SCREENING_ONLY
2026-01-21T15:40:00.000000000,TB10,2.5367,power_output,Statistical anomaly (z=2.54),heuristic_screening,False,SCREENING_ONLY
2026-01-21T15:50:00.000000000,TB10,2.544,power_output,Statistical anomaly (z=2.54),heuristic_screening,False,SCREENING_ONLY
2026-01-28T14:00:00.000000000,TB10,2.5486,power_output,Statistical anomaly (z=2.55),heuristic_screening,False,SCREENING_ONLY
2026-01-28T15:30:00.000000000,TB10,2.5614,power_output,Statistical anomaly (z=2.56),heuristic_screening,False,SCREENING_ONLY
2026-01-28T15:40:00.000000000,TB10,2.5612,power_output,Statistical anomaly (z=2.56),heuristic_screening,False,SCREENING_ONLY
2026-02-01T10:30:00.000000000,TB10,2.5519,power_output,Statistical anomaly (z=2.55),heuristic_screening,False,SCREENING_ONLY
2026-02-01T12:00:00.000000000,TB10,2.5519,power_output,Statistical anomaly (z=2.55),heuristic_screening,False,SCREENING_ONLY
2026-02-01T16:20:00.000000000,TB10,2.5614,power_output,Statistical anomaly (z=2.56),heuristic_screening,False,SCREENING_ONLY
2026-02-02T15:40:00.000000000,TB10,2.5223,power_output,Statistical anomaly (z=2.52),heuristic_screening,False,SCREENING_ONLY
2026-02-02T16:10:00.000000000,TB10,2.5619,power_output,Statistical anomaly (z=2.56),heuristic_screening,False,SCREENING_ONLY
2026-02-02T16:30:00.000000000,TB10,2.5258,power_output,Statistical anomaly (z=2.53),heuristic_screening,False,SCREENING_ONLY
2026-02-02T16:40:00.000000000,TB10,2.5391,power_output,Statistical anomaly (z=2.54),heuristic_screening,False,SCREENING_ONLY
2026-02-02T16:50:00.000000000,TB10,2.5248,power_output,Statistical anomaly (z=2.52),heuristic_screening,False,SCREENING_ONLY
2026-02-02T17:00:00.000000000,TB10,2.5092,power_output,Statistical anomaly (z=2.51),heuristic_screening,False,SCREENING_ONLY
2026-02-04T15:10:00.000000000,TB10,2.5488,power_output,Statistical anomaly (z=2.55),heuristic_screening,False,SCREENING_ONLY
2026-02-04T15:30:00.000000000,TB10,2.5255,power_output,Statistical anomaly (z=2.53),heuristic_screening,False,SCREENING_ONLY
2026-02-04T15:50:00.000000000,TB10,2.529,power_output,Statistical anomaly (z=2.53),heuristic_screening,False,SCREENING_ONLY
2026-02-07T17:00:00.000000000,TB10,2.56,power_output,Statistical anomaly (z=2.56),heuristic_screening,False,SCREENING_ONLY
2026-02-07T17:10:00.000000000,TB10,2.5423,power_output,Statistical anomaly (z=2.54),heuristic_screening,False,SCREENING_ONLY
2026-02-07T17:20:00.000000000,TB10,2.5368,power_output,Statistical anomaly (z=2.54),heuristic_screening,False,SCREENING_ONLY
2026-02-07T18:20:00.000000000,TB10,2.5037,power_output,Statistical anomaly (z=2.50),heuristic_screening,False,SCREENING_ONLY
2026-02-13T16:30:00.000000000,TB10,2.54,power_output,Statistical anomaly (z=2.54),heuristic_screening,False,SCREENING_ONLY
2026-02-13T16:40:00.000000000,TB10,2.5192,power_output,Statistical anomaly (z=2.52),heuristic_screening,False,SCREENING_ONLY
2026-02-16T16:00:00.000000000,TB10,2.5251,power_output,Statistical anomaly (z=2.53),heuristic_screening,False,SCREENING_ONLY
2026-02-16T16:10:00.000000000,TB10,2.5584,power_output,Statistical anomaly (z=2.56),heuristic_screening,False,SCREENING_ONLY
2026-02-16T16:20:00.000000000,TB10,2.5575,power_output,Statistical anomaly (z=2.56),heuristic_screening,False,SCREENING_ONLY
2026-02-16T16:30:00.000000000,TB10,2.5456,power_output,Statistical anomaly (z=2.55),heuristic_screening,False,SCREENING_ONLY
2026-02-16T16:40:00.000000000,TB10,2.5563,power_output,Statistical anomaly (z=2.56),heuristic_screening,False,SCREENING_ONLY
2026-02-16T16:50:00.000000000,TB10,2.543,power_output,Statistical anomaly (z=2.54),heuristic_screening,False,SCREENING_ONLY
2026-02-16T17:50:00.000000000,TB10,2.5432,power_output,Statistical anomaly (z=2.54),heuristic_screening,False,SCREENING_ONLY
2026-02-17T16:10:00.000000000,TB10,2.56,power_output,Statistical anomaly (z=2.56),heuristic_screening,False,SCREENING_ONLY
2026-02-17T16:20:00.000000000,TB10,2.5242,power_output,Statistical anomaly (z=2.52),heuristic_screening,False,SCREENING_ONLY
2026-02-17T16:30:00.000000000,TB10,2.5612,power_output,Statistical anomaly (z=2.56),heuristic_screening,False,SCREENING_ONLY
2026-02-17T16:40:00.000000000,TB10,2.5612,power_output,Statistical anomaly (z=2.56),heuristic_screening,False,SCREENING_ONLY
2026-02-17T16:50:00.000000000,TB10,2.5619,power_output,Statistical anomaly (z=2.56),heuristic_screening,False,SCREENING_ONLY
2026-02-17T17:00:00.000000000,TB10,2.5616,power_output,Statistical anomaly (z=2.56),heuristic_screening,False,SCREENING_ONLY
2026-02-17T17:10:00.000000000,TB10,2.5619,power_output,Statistical anomaly (z=2.56),heuristic_screening,False,SCREENING_ONLY
2026-02-17T18:00:00.000000000,TB10,2.5342,power_output,Statistical anomaly (z=2.53),heuristic_screening,False,SCREENING_ONLY
2026-02-17T18:20:00.000000000,TB10,2.5186,power_output,Statistical anomaly (z=2.52),heuristic_screening,False,SCREENING_ONLY
2026-02-18T07:30:00.000000000,TB10,2.5276,power_output,Statistical anomaly (z=2.53),heuristic_screening,False,SCREENING_ONLY
2026-02-18T08:20:00.000000000,TB10,2.5092,power_output,Statistical anomaly (z=2.51),heuristic_screening,False,SCREENING_ONLY
2026-02-18T08:30:00.000000000,TB10,2.5635,power_output,Statistical anomaly (z=2.56),heuristic_screening,False,SCREENING_ONLY
2026-02-18T08:40:00.000000000,TB10,2.5605,power_output,Statistical anomaly (z=2.56),heuristic_screening,False,SCREENING_ONLY
2026-02-18T14:30:00.000000000,TB10,2.5027,power_output,Statistical anomaly (z=2.50),heuristic_screening,False,SCREENING_ONLY
2026-02-18T14:40:00.000000000,TB10,2.546,power_output,Statistical anomaly (z=2.55),heuristic_screening,False,SCREENING_ONLY
2026-02-18T14:50:00.000000000,TB10,2.5616,power_output,Statistical anomaly (z=2.56),heuristic_screening,False,SCREENING_ONLY
2026-02-18T15:00:00.000000000,TB10,2.5612,power_output,Statistical anomaly (z=2.56),heuristic_screening,False,SCREENING_ONLY
2026-02-18T15:10:00.000000000,TB10,2.5612,power_output,Statistical anomaly (z=2.56),heuristic_screening,False,SCREENING_ONLY
2026-02-18T15:20:00.000000000,TB10,2.5621,power_output,Statistical anomaly (z=2.56),heuristic_screening,False,SCREENING_ONLY
2026-02-18T15:30:00.000000000,TB10,2.5616,power_output,Statistical anomaly (z=2.56),heuristic_screening,False,SCREENING_ONLY
2026-02-18T15:40:00.000000000,TB10,2.5616,power_output,Statistical anomaly (z=2.56),heuristic_screening,False,SCREENING_ONLY
2026-02-18T15:50:00.000000000,TB10,2.5616,power_output,Statistical anomaly (z=2.56),heuristic_screening,False,SCREENING_ONLY
2026-02-18T16:00:00.000000000,TB10,2.5616,power_output,Statistical anomaly (z=2.56),heuristic_screening,False,SCREENING_ONLY
2026-02-18T16:10:00.000000000,TB10,2.5616,power_output,Statistical anomaly (z=2.56),heuristic_screening,False,SCREENING_ONLY
2026-02-18T16:20:00.000000000,TB10,2.5616,power_output,Statistical anomaly (z=2.56),heuristic_screening,False,SCREENING_ONLY
2026-02-18T16:30:00.000000000,TB10,2.5616,power_output,Statistical anomaly (z=2.56),heuristic_screening,False,SCREENING_ONLY
2026-02-18T16:40:00.000000000,TB10,2.5612,power_output,Statistical anomaly (z=2.56),heuristic_screening,False,SCREENING_ONLY
2026-02-18T16:50:00.000000000,TB10,2.5318,power_output,Statistical anomaly (z=2.53),heuristic_screening,False,SCREENING_ONLY
2026-02-18T17:00:00.000000000,TB10,2.5616,power_output,Statistical anomaly (z=2.56),heuristic_screening,False,SCREENING_ONLY
2026-02-18T17:10:00.000000000,TB10,2.5617,power_output,Statistical anomaly (z=2.56),heuristic_screening,False,SCREENING_ONLY
2026-02-18T17:20:00.000000000,TB10,2.5616,power_output,Statistical anomaly (z=2.56),heuristic_screening,False,SCREENING_ONLY
2026-02-18T17:30:00.000000000,TB10,2.5614,power_output,Statistical anomaly (z=2.56),heuristic_screening,False,SCREENING_ONLY
2026-02-18T17:40:00.000000000,TB10,2.5616,power_output,Statistical anomaly (z=2.56),heuristic_screening,False,SCREENING_ONLY
2026-02-18T17:50:00.000000000,TB10,2.5616,power_output,Statistical anomaly (z=2.56),heuristic_screening,False,SCREENING_ONLY
2026-02-18T18:10:00.000000000,TB10,2.513,power_output,Statistical anomaly (z=2.51),heuristic_screening,False,SCREENING_ONLY
2026-02-18T19:10:00.000000000,TB10,2.5535,power_output,Statistical anomaly (z=2.55),heuristic_screening,False,SCREENING_ONLY
2026-02-18T19:30:00.000000000,TB10,2.506,power_output,Statistical anomaly (z=2.51),heuristic_screening,False,SCREENING_ONLY
2026-02-18T20:20:00.000000000,TB10,2.5149,power_output,Statistical anomaly (z=2.51),heuristic_screening,False,SCREENING_ONLY
2026-02-18T21:00:00.000000000,TB10,2.5465,power_output,Statistical anomaly (z=2.55),heuristic_screening,False,SCREENING_ONLY
2026-02-18T21:10:00.000000000,TB10,2.5619,power_output,Statistical anomaly (z=2.56),heuristic_screening,False,SCREENING_ONLY
2026-02-18T21:20:00.000000000,TB10,2.5616,power_output,Statistical anomaly (z=2.56),heuristic_screening,False,SCREENING_ONLY
2026-02-18T21:30:00.000000000,TB10,2.5535,power_output,Statistical anomaly (z=2.55),heuristic_screening,False,SCREENING_ONLY
2026-02-18T21:40:00.000000000,TB10,2.5533,power_output,Statistical anomaly (z=2.55),heuristic_screening,False,SCREENING_ONLY
2026-02-18T21:50:00.000000000,TB10,2.5594,power_output,Statistical anomaly (z=2.56),heuristic_screening,False,SCREENING_ONLY
2026-02-18T22:00:00.000000000,TB10,2.5626,power_output,Statistical anomaly (z=2.56),heuristic_screening,False,SCREENING_ONLY
2026-02-18T22:10:00.000000000,TB10,2.5381,power_output,Statistical anomaly (z=2.54),heuristic_screening,False,SCREENING_ONLY
2026-02-18T23:00:00.000000000,TB10,2.5428,power_output,Statistical anomaly (z=2.54),heuristic_screening,False,SCREENING_ONLY
2026-02-18T23:10:00.000000000,TB10,2.5596,power_output,Statistical anomaly (z=2.56),heuristic_screening,False,SCREENING_ONLY
2026-02-18T23:40:00.000000000,TB10,2.5132,power_output,Statistical anomaly (z=2.51),heuristic_screening,False,SCREENING_ONLY
2026-02-19T00:10:00.000000000,TB10,2.5384,power_output,Statistical anomaly (z=2.54),heuristic_screening,False,SCREENING_ONLY
2026-02-19T00:40:00.000000000,TB10,2.561,power_output,Statistical anomaly (z=2.56),heuristic_screening,False,SCREENING_ONLY
2026-02-19T17:50:00.000000000,TB10,2.5612,power_output,Statistical anomaly (z=2.56),heuristic_screening,False,SCREENING_ONLY
2026-02-19T18:00:00.000000000,TB10,2.5612,power_output,Statistical anomaly (z=2.56),heuristic_screening,False,SCREENING_ONLY
2026-02-19T18:10:00.000000000,TB10,2.527,power_output,Statistical anomaly (z=2.53),heuristic_screening,False,SCREENING_ONLY
2026-02-19T18:20:00.000000000,TB10,2.5614,power_output,Statistical anomaly (z=2.56),heuristic_screening,False,SCREENING_ONLY
2026-02-19T18:40:00.000000000,TB10,2.536,power_output,Statistical anomaly (z=2.54),heuristic_screening,False,SCREENING_ONLY
2026-02-19T20:50:00.000000000,TB10,2.5102,power_output,Statistical anomaly (z=2.51),heuristic_screening,False,SCREENING_ONLY
2026-02-20T15:20:00.000000000,TB10,2.5544,power_output,Statistical anomaly (z=2.55),heuristic_screening,False,SCREENING_ONLY
2026-02-20T15:30:00.000000000,TB10,2.5591,power_output,Statistical anomaly (z=2.56),heuristic_screening,False,SCREENING_ONLY
2026-02-20T15:50:00.000000000,TB10,2.5416,power_output,Statistical anomaly (z=2.54),heuristic_screening,False,SCREENING_ONLY
2026-03-02T07:10:00.000000000,TB10,2.5433,power_output,Statistical anomaly (z=2.54),heuristic_screening,False,SCREENING_ONLY
2026-03-02T07:20:00.000000000,TB10,2.56,power_output,Statistical anomaly (z=2.56),heuristic_screening,False,SCREENING_ONLY
2026-03-02T07:30:00.000000000,TB10,2.5612,power_output,Statistical anomaly (z=2.56),heuristic_screening,False,SCREENING_ONLY
2026-03-02T07:40:00.000000000,TB10,2.5619,power_output,Statistical anomaly (z=2.56),heuristic_screening,False,SCREENING_ONLY
2026-03-02T07:50:00.000000000,TB10,2.5626,power_output,Statistical anomaly (z=2.56),heuristic_screening,False,SCREENING_ONLY
2026-03-02T08:00:00.000000000,TB10,2.5614,power_output,Statistical anomaly (z=2.56),heuristic_screening,False,SCREENING_ONLY
2026-03-02T08:10:00.000000000,TB10,2.5612,power_output,Statistical anomaly (z=2.56),heuristic_screening,False,SCREENING_ONLY
2026-03-02T08:30:00.000000000,TB10,2.563,power_output,Statistical anomaly (z=2.56),heuristic_screening,False,SCREENING_ONLY
2026-03-02T08:40:00.000000000,TB10,2.5589,power_output,Statistical anomaly (z=2.56),heuristic_screening,False,SCREENING_ONLY
2026-03-02T08:50:00.000000000,TB10,2.5623,power_output,Statistical anomaly (z=2.56),heuristic_screening,False,SCREENING_ONLY
2026-03-02T09:00:00.000000000,TB10,2.5614,power_output,Statistical anomaly (z=2.56),heuristic_screening,False,SCREENING_ONLY
2026-03-02T09:20:00.000000000,TB10,2.5538,power_output,Statistical anomaly (z=2.55),heuristic_screening,False,SCREENING_ONLY
2026-03-02T09:30:00.000000000,TB10,2.5484,power_output,Statistical anomaly (z=2.55),heuristic_screening,False,SCREENING_ONLY
2026-03-02T09:40:00.000000000,TB10,2.5607,power_output,Statistical anomaly (z=2.56),heuristic_screening,False,SCREENING_ONLY
2026-03-02T09:50:00.000000000,TB10,2.5614,power_output,Statistical anomaly (z=2.56),heuristic_screening,False,SCREENING_ONLY
2026-03-02T10:00:00.000000000,TB10,2.5612,power_output,Statistical anomaly (z=2.56),heuristic_screening,False,SCREENING_ONLY
2026-03-02T10:10:00.000000000,TB10,2.5623,power_output,Statistical anomaly (z=2.56),heuristic_screening,False,SCREENING_ONLY
2026-03-02T10:20:00.000000000,TB10,2.5614,power_output,Statistical anomaly (z=2.56),heuristic_screening,False,SCREENING_ONLY
2026-03-02T10:30:00.000000000,TB10,2.5614,power_output,Statistical anomaly (z=2.56),heuristic_screening,False,SCREENING_ONLY
2026-03-02T10:40:00.000000000,TB10,2.5612,power_output,Statistical anomaly (z=2.56),heuristic_screening,False,SCREENING_ONLY
2026-03-02T10:50:00.000000000,TB10,2.5612,power_output,Statistical anomaly (z=2.56),heuristic_screening,False,SCREENING_ONLY
2026-03-02T11:00:00.000000000,TB10,2.5577,power_output,Statistical anomaly (z=2.56),heuristic_screening,False,SCREENING_ONLY
2026-03-02T11:10:00.000000000,TB10,2.5614,power_output,Statistical anomaly (z=2.56),heuristic_screening,False,SCREENING_ONLY
2026-03-02T11:20:00.000000000,TB10,2.5612,power_output,Statistical anomaly (z=2.56),heuristic_screening,False,SCREENING_ONLY
2026-03-02T11:30:00.000000000,TB10,2.5612,power_output,Statistical anomaly (z=2.56),heuristic_screening,False,SCREENING_ONLY
2026-03-02T11:40:00.000000000,TB10,2.5612,power_output,Statistical anomaly (z=2.56),heuristic_screening,False,SCREENING_ONLY
2026-03-02T12:00:00.000000000,TB10,2.5607,power_output,Statistical anomaly (z=2.56),heuristic_screening,False,SCREENING_ONLY
2026-03-02T12:10:00.000000000,TB10,2.5616,power_output,Statistical anomaly (z=2.56),heuristic_screening,False,SCREENING_ONLY
2026-03-02T12:20:00.000000000,TB10,2.5566,power_output,Statistical anomaly (z=2.56),heuristic_screening,False,SCREENING_ONLY
2026-03-02T12:40:00.000000000,TB10,2.5623,power_output,Statistical anomaly (z=2.56),heuristic_screening,False,SCREENING_ONLY
2026-03-02T12:50:00.000000000,TB10,2.5616,power_output,Statistical anomaly (z=2.56),heuristic_screening,False,SCREENING_ONLY
2026-03-02T13:00:00.000000000,TB10,2.5616,power_output,Statistical anomaly (z=2.56),heuristic_screening,False,SCREENING_ONLY
2026-03-02T13:10:00.000000000,TB10,2.5614,power_output,Statistical anomaly (z=2.56),heuristic_screening,False,SCREENING_ONLY
2026-03-02T13:20:00.000000000,TB10,2.5616,power_output,Statistical anomaly (z=2.56),heuristic_screening,False,SCREENING_ONLY
2026-03-02T13:30:00.000000000,TB10,2.5612,power_output,Statistical anomaly (z=2.56),heuristic_screening,False,SCREENING_ONLY
2026-03-02T13:40:00.000000000,TB10,2.5614,power_output,Statistical anomaly (z=2.56),heuristic_screening,False,SCREENING_ONLY
2026-03-02T13:50:00.000000000,TB10,2.5612,power_output,Statistical anomaly (z=2.56),heuristic_screening,False,SCREENING_ONLY
2026-03-02T14:00:00.000000000,TB10,2.5614,power_output,Statistical anomaly (z=2.56),heuristic_screening,False,SCREENING_ONLY
2026-03-02T14:10:00.000000000,TB10,2.5612,power_output,Statistical anomaly (z=2.56),heuristic_screening,False,SCREENING_ONLY
2026-03-02T14:20:00.000000000,TB10,2.5614,power_output,Statistical anomaly (z=2.56),heuristic_screening,False,SCREENING_ONLY
2026-03-02T14:50:00.000000000,TB10,2.5608,power_output,Statistical anomaly (z=2.56),heuristic_screening,False,SCREENING_ONLY
2026-03-02T15:00:00.000000000,TB10,2.5312,power_output,Statistical anomaly (z=2.53),heuristic_screening,False,SCREENING_ONLY
2026-03-02T15:10:00.000000000,TB10,2.5579,power_output,Statistical anomaly (z=2.56),heuristic_screening,False,SCREENING_ONLY
2026-03-02T15:20:00.000000000,TB10,2.5614,power_output,Statistical anomaly (z=2.56),heuristic_screening,False,SCREENING_ONLY
2026-03-02T15:30:00.000000000,TB10,2.533,power_output,Statistical anomaly (z=2.53),heuristic_screening,False,SCREENING_ONLY
2026-03-02T15:50:00.000000000,TB10,2.5519,power_output,Statistical anomaly (z=2.55),heuristic_screening,False,SCREENING_ONLY
2026-03-02T16:00:00.000000000,TB10,2.5363,power_output,Statistical anomaly (z=2.54),heuristic_screening,False,SCREENING_ONLY
2026-03-02T16:20:00.000000000,TB10,2.5479,power_output,Statistical anomaly (z=2.55),heuristic_screening,False,SCREENING_ONLY
2026-03-02T16:40:00.000000000,TB10,2.5616,power_output,Statistical anomaly (z=2.56),heuristic_screening,False,SCREENING_ONLY
2026-03-02T16:50:00.000000000,TB10,2.5544,power_output,Statistical anomaly (z=2.55),heuristic_screening,False,SCREENING_ONLY
2026-03-13T02:10:00.000000000,TB10,2.5249,power_output,Statistical anomaly (z=2.52),heuristic_screening,False,SCREENING_ONLY
2026-03-13T11:20:00.000000000,TB10,2.5384,power_output,Statistical anomaly (z=2.54),heuristic_screening,False,SCREENING_ONLY
2026-03-13T12:10:00.000000000,TB10,2.5575,power_output,Statistical anomaly (z=2.56),heuristic_screening,False,SCREENING_ONLY
2026-03-13T12:40:00.000000000,TB10,2.5113,power_output,Statistical anomaly (z=2.51),heuristic_screening,False,SCREENING_ONLY
2026-03-13T12:50:00.000000000,TB10,2.5612,power_output,Statistical anomaly (z=2.56),heuristic_screening,False,SCREENING_ONLY
2026-03-13T13:00:00.000000000,TB10,2.5612,power_output,Statistical anomaly (z=2.56),heuristic_screening,False,SCREENING_ONLY
2026-03-13T13:10:00.000000000,TB10,2.5605,power_output,Statistical anomaly (z=2.56),heuristic_screening,False,SCREENING_ONLY
2026-03-13T13:20:00.000000000,TB10,2.5404,power_output,Statistical anomaly (z=2.54),heuristic_screening,False,SCREENING_ONLY
2026-03-13T13:30:00.000000000,TB10,2.5419,power_output,Statistical anomaly (z=2.54),heuristic_screening,False,SCREENING_ONLY
2026-03-13T13:40:00.000000000,TB10,2.5572,power_output,Statistical anomaly (z=2.56),heuristic_screening,False,SCREENING_ONLY
2026-03-13T13:50:00.000000000,TB10,2.5142,power_output,Statistical anomaly (z=2.51),heuristic_screening,False,SCREENING_ONLY
2026-03-13T14:00:00.000000000,TB10,2.5458,power_output,Statistical anomaly (z=2.55),heuristic_screening,False,SCREENING_ONLY
2026-03-13T14:10:00.000000000,TB10,2.5085,power_output,Statistical anomaly (z=2.51),heuristic_screening,False,SCREENING_ONLY
2026-03-13T14:30:00.000000000,TB10,2.5283,power_output,Statistical anomaly (z=2.53),heuristic_screening,False,SCREENING_ONLY
2026-03-13T14:40:00.000000000,TB10,2.5034,power_output,Statistical anomaly (z=2.50),heuristic_screening,False,SCREENING_ONLY
2026-03-13T14:50:00.000000000,TB10,2.5432,power_output,Statistical anomaly (z=2.54),heuristic_screening,False,SCREENING_ONLY
2026-03-13T15:00:00.000000000,TB10,2.5528,power_output,Statistical anomaly (z=2.55),heuristic_screening,False,SCREENING_ONLY
2026-03-13T15:20:00.000000000,TB10,2.5332,power_output,Statistical anomaly (z=2.53),heuristic_screening,False,SCREENING_ONLY
2026-03-13T15:30:00.000000000,TB10,2.5211,power_output,Statistical anomaly (z=2.52),heuristic_screening,False,SCREENING_ONLY
2026-03-13T15:40:00.000000000,TB10,2.5186,power_output,Statistical anomaly (z=2.52),heuristic_screening,False,SCREENING_ONLY
2026-03-13T16:00:00.000000000,TB10,2.5048,power_output,Statistical anomaly (z=2.50),heuristic_screening,False,SCREENING_ONLY
2026-03-13T16:10:00.000000000,TB10,2.5616,power_output,Statistical anomaly (z=2.56),heuristic_screening,False,SCREENING_ONLY
2026-03-13T16:20:00.000000000,TB10,2.5139,power_output,Statistical anomaly (z=2.51),heuristic_screening,False,SCREENING_ONLY
2026-03-14T08:20:00.000000000,TB10,2.5008,power_output,Statistical anomaly (z=2.50),heuristic_screening,False,SCREENING_ONLY
2026-03-14T10:20:00.000000000,TB10,2.5502,power_output,Statistical anomaly (z=2.55),heuristic_screening,False,SCREENING_ONLY
2026-03-14T10:40:00.000000000,TB10,2.5244,power_output,Statistical anomaly (z=2.52),heuristic_screening,False,SCREENING_ONLY
2026-03-14T11:30:00.000000000,TB10,2.5246,power_output,Statistical anomaly (z=2.52),heuristic_screening,False,SCREENING_ONLY
2026-03-14T11:40:00.000000000,TB10,2.5116,power_output,Statistical anomaly (z=2.51),heuristic_screening,False,SCREENING_ONLY
2026-03-14T11:50:00.000000000,TB10,2.5318,power_output,Statistical anomaly (z=2.53),heuristic_screening,False,SCREENING_ONLY
2026-03-14T13:00:00.000000000,TB10,2.5004,power_output,Statistical anomaly (z=2.50),heuristic_screening,False,SCREENING_ONLY
2026-03-14T13:40:00.000000000,TB10,2.5267,power_output,Statistical anomaly (z=2.53),heuristic_screening,False,SCREENING_ONLY
2026-03-14T14:20:00.000000000,TB10,2.5524,power_output,Statistical anomaly (z=2.55),heuristic_screening,False,SCREENING_ONLY
2026-03-14T14:30:00.000000000,TB10,2.5626,power_output,Statistical anomaly (z=2.56),heuristic_screening,False,SCREENING_ONLY
2026-03-14T15:00:00.000000000,TB10,2.5514,power_output,Statistical anomaly (z=2.55),heuristic_screening,False,SCREENING_ONLY
2026-03-14T15:10:00.000000000,TB10,2.5608,power_output,Statistical anomaly (z=2.56),heuristic_screening,False,SCREENING_ONLY
2026-03-14T15:30:00.000000000,TB10,2.5612,power_output,Statistical anomaly (z=2.56),heuristic_screening,False,SCREENING_ONLY
2026-03-14T15:40:00.000000000,TB10,2.557,power_output,Statistical anomaly (z=2.56),heuristic_screening,False,SCREENING_ONLY
2026-03-15T14:40:00.000000000,TB10,2.5405,power_output,Statistical anomaly (z=2.54),heuristic_screening,False,SCREENING_ONLY
2026-03-15T14:50:00.000000000,TB10,2.5421,power_output,Statistical anomaly (z=2.54),heuristic_screening,False,SCREENING_ONLY
2026-03-15T15:00:00.000000000,TB10,2.5498,power_output,Statistical anomaly (z=2.55),heuristic_screening,False,SCREENING_ONLY
2026-03-15T15:10:00.000000000,TB10,2.503,power_output,Statistical anomaly (z=2.50),heuristic_screening,False,SCREENING_ONLY
2026-03-15T15:30:00.000000000,TB10,2.5211,power_output,Statistical anomaly (z=2.52),heuristic_screening,False,SCREENING_ONLY
2026-03-15T15:40:00.000000000,TB10,2.5614,power_output,Statistical anomaly (z=2.56),heuristic_screening,False,SCREENING_ONLY
2026-03-15T15:50:00.000000000,TB10,2.5587,power_output,Statistical anomaly (z=2.56),heuristic_screening,False,SCREENING_ONLY
2026-03-15T16:00:00.000000000,TB10,2.5612,power_output,Statistical anomaly (z=2.56),heuristic_screening,False,SCREENING_ONLY
2026-03-15T16:10:00.000000000,TB10,2.5612,power_output,Statistical anomaly (z=2.56),heuristic_screening,False,SCREENING_ONLY
2026-03-15T16:20:00.000000000,TB10,2.5612,power_output,Statistical anomaly (z=2.56),heuristic_screening,False,SCREENING_ONLY
2026-03-15T16:30:00.000000000,TB10,2.5617,power_output,Statistical anomaly (z=2.56),heuristic_screening,False,SCREENING_ONLY
2026-03-15T16:40:00.000000000,TB10,2.5575,power_output,Statistical anomaly (z=2.56),heuristic_screening,False,SCREENING_ONLY
2026-03-15T16:50:00.000000000,TB10,2.5605,power_output,Statistical anomaly (z=2.56),heuristic_screening,False,SCREENING_ONLY
2026-03-15T17:00:00.000000000,TB10,2.5218,power_output,Statistical anomaly (z=2.52),heuristic_screening,False,SCREENING_ONLY
2026-03-15T17:10:00.000000000,TB10,2.5601,power_output,Statistical anomaly (z=2.56),heuristic_screening,False,SCREENING_ONLY
2026-03-15T17:20:00.000000000,TB10,2.5614,power_output,Statistical anomaly (z=2.56),heuristic_screening,False,SCREENING_ONLY
2026-03-15T17:30:00.000000000,TB10,2.5563,power_output,Statistical anomaly (z=2.56),heuristic_screening,False,SCREENING_ONLY
2026-03-15T17:40:00.000000000,TB10,2.5577,power_output,Statistical anomaly (z=2.56),heuristic_screening,False,SCREENING_ONLY
2026-03-15T17:50:00.000000000,TB10,2.5179,power_output,Statistical anomaly (z=2.52),heuristic_screening,False,SCREENING_ONLY
2026-03-15T18:00:00.000000000,TB10,2.5587,power_output,Statistical anomaly (z=2.56),heuristic_screening,False,SCREENING_ONLY
2026-03-15T18:10:00.000000000,TB10,2.5584,power_output,Statistical anomaly (z=2.56),heuristic_screening,False,SCREENING_ONLY
2026-03-16T12:10:00.000000000,TB10,2.5309,power_output,Statistical anomaly (z=2.53),heuristic_screening,False,SCREENING_ONLY
2026-03-16T12:40:00.000000000,TB10,2.5057,power_output,Statistical anomaly (z=2.51),heuristic_screening,False,SCREENING_ONLY
2026-03-16T12:50:00.000000000,TB10,2.5001,power_output,Statistical anomaly (z=2.50),heuristic_screening,False,SCREENING_ONLY
2026-03-16T13:20:00.000000000,TB10,2.5395,power_output,Statistical anomaly (z=2.54),heuristic_screening,False,SCREENING_ONLY
2026-03-16T13:30:00.000000000,TB10,2.537,power_output,Statistical anomaly (z=2.54),heuristic_screening,False,SCREENING_ONLY
2026-03-16T13:40:00.000000000,TB10,2.5593,power_output,Statistical anomaly (z=2.56),heuristic_screening,False,SCREENING_ONLY
2026-03-16T14:20:00.000000000,TB10,2.5158,power_output,Statistical anomaly (z=2.52),heuristic_screening,False,SCREENING_ONLY
2026-03-16T14:30:00.000000000,TB10,2.5381,power_output,Statistical anomaly (z=2.54),heuristic_screening,False,SCREENING_ONLY
2026-03-16T15:20:00.000000000,TB10,2.5482,power_output,Statistical anomaly (z=2.55),heuristic_screening,False,SCREENING_ONLY
2026-03-16T15:30:00.000000000,TB10,2.5575,power_output,Statistical anomaly (z=2.56),heuristic_screening,False,SCREENING_ONLY
2026-03-16T15:40:00.000000000,TB10,2.5594,power_output,Statistical anomaly (z=2.56),heuristic_screening,False,SCREENING_ONLY
2026-03-16T16:10:00.000000000,TB10,2.5612,power_output,Statistical anomaly (z=2.56),heuristic_screening,False,SCREENING_ONLY
2026-03-16T16:20:00.000000000,TB10,2.5623,power_output,Statistical anomaly (z=2.56),heuristic_screening,False,SCREENING_ONLY
2026-03-16T16:30:00.000000000,TB10,2.5617,power_output,Statistical anomaly (z=2.56),heuristic_screening,False,SCREENING_ONLY
2026-03-16T16:40:00.000000000,TB10,2.5624,power_output,Statistical anomaly (z=2.56),heuristic_screening,False,SCREENING_ONLY
2026-03-16T16:50:00.000000000,TB10,2.561,power_output,Statistical anomaly (z=2.56),heuristic_screening,False,SCREENING_ONLY
2026-03-16T17:00:00.000000000,TB10,2.5614,power_output,Statistical anomaly (z=2.56),heuristic_screening,False,SCREENING_ONLY
2026-03-16T17:10:00.000000000,TB10,2.5616,power_output,Statistical anomaly (z=2.56),heuristic_screening,False,SCREENING_ONLY
2026-03-16T17:20:00.000000000,TB10,2.5502,power_output,Statistical anomaly (z=2.55),heuristic_screening,False,SCREENING_ONLY
2026-03-16T17:30:00.000000000,TB10,2.5279,power_output,Statistical anomaly (z=2.53),heuristic_screening,False,SCREENING_ONLY
2026-03-16T17:40:00.000000000,TB10,2.5598,power_output,Statistical anomaly (z=2.56),heuristic_screening,False,SCREENING_ONLY
2026-03-16T17:50:00.000000000,TB10,2.5495,power_output,Statistical anomaly (z=2.55),heuristic_screening,False,SCREENING_ONLY
2026-03-16T18:00:00.000000000,TB10,2.5076,power_output,Statistical anomaly (z=2.51),heuristic_screening,False,SCREENING_ONLY
2026-03-17T15:40:00.000000000,TB10,2.5179,power_output,Statistical anomaly (z=2.52),heuristic_screening,False,SCREENING_ONLY
2026-03-21T18:00:00.000000000,TB10,2.5128,power_output,Statistical anomaly (z=2.51),heuristic_screening,False,SCREENING_ONLY
2026-03-21T18:50:00.000000000,TB10,2.5612,power_output,Statistical anomaly (z=2.56),heuristic_screening,False,SCREENING_ONLY
2026-03-21T19:00:00.000000000,TB10,2.5624,power_output,Statistical anomaly (z=2.56),heuristic_screening,False,SCREENING_ONLY
2026-03-21T19:10:00.000000000,TB10,2.5612,power_output,Statistical anomaly (z=2.56),heuristic_screening,False,SCREENING_ONLY
2026-04-02T16:10:00.000000000,TB10,2.5411,power_output,Statistical anomaly (z=2.54),heuristic_screening,False,SCREENING_ONLY
2026-04-05T15:00:00.000000000,TB10,2.5001,power_output,Statistical anomaly (z=2.50),heuristic_screening,False,SCREENING_ONLY
2026-04-05T18:10:00.000000000,TB10,2.5125,power_output,Statistical anomaly (z=2.51),heuristic_screening,False,SCREENING_ONLY
2026-04-06T12:50:00.000000000,TB10,2.5332,power_output,Statistical anomaly (z=2.53),heuristic_screening,False,SCREENING_ONLY
2026-04-06T22:20:00.000000000,TB10,2.5307,power_output,Statistical anomaly (z=2.53),heuristic_screening,False,SCREENING_ONLY
2026-04-06T22:30:00.000000000,TB10,2.5008,power_output,Statistical anomaly (z=2.50),heuristic_screening,False,SCREENING_ONLY
2026-04-25T13:40:00.000000000,TB10,2.5216,power_output,Statistical anomaly (z=2.52),heuristic_screening,False,SCREENING_ONLY
2026-04-25T16:20:00.000000000,TB10,2.5058,power_output,Statistical anomaly (z=2.51),heuristic_screening,False,SCREENING_ONLY
2026-04-30T14:10:00.000000000,TB10,2.5183,power_output,Statistical anomaly (z=2.52),heuristic_screening,False,SCREENING_ONLY
2026-04-30T14:20:00.000000000,TB10,2.5276,power_output,Statistical anomaly (z=2.53),heuristic_screening,False,SCREENING_ONLY
2026-04-30T14:40:00.000000000,TB10,2.5563,power_output,Statistical anomaly (z=2.56),heuristic_screening,False,SCREENING_ONLY
2026-04-30T14:50:00.000000000,TB10,2.5202,power_output,Statistical anomaly (z=2.52),heuristic_screening,False,SCREENING_ONLY
2026-05-03T13:20:00.000000000,TB10,2.509,power_output,Statistical anomaly (z=2.51),heuristic_screening,False,SCREENING_ONLY
2026-05-03T14:00:00.000000000,TB10,2.5375,power_output,Statistical anomaly (z=2.54),heuristic_screening,False,SCREENING_ONLY
2026-05-03T15:50:00.000000000,TB10,2.5628,power_output,Statistical anomaly (z=2.56),heuristic_screening,False,SCREENING_ONLY
2026-05-03T16:00:00.000000000,TB10,2.5298,power_output,Statistical anomaly (z=2.53),heuristic_screening,False,SCREENING_ONLY
2026-05-05T14:20:00.000000000,TB10,2.5304,power_output,Statistical anomaly (z=2.53),heuristic_screening,False,SCREENING_ONLY
2026-05-05T14:30:00.000000000,TB10,2.5158,power_output,Statistical anomaly (z=2.52),heuristic_screening,False,SCREENING_ONLY
2026-05-05T14:40:00.000000000,TB10,2.5411,power_output,Statistical anomaly (z=2.54),heuristic_screening,False,SCREENING_ONLY
2026-05-05T15:40:00.000000000,TB10,2.5554,power_output,Statistical anomaly (z=2.56),heuristic_screening,False,SCREENING_ONLY
2026-05-05T15:50:00.000000000,TB10,2.5612,power_output,Statistical anomaly (z=2.56),heuristic_screening,False,SCREENING_ONLY
2026-05-05T16:00:00.000000000,TB10,2.5326,power_output,Statistical anomaly (z=2.53),heuristic_screening,False,SCREENING_ONLY
2026-05-06T11:50:00.000000000,TB10,2.5607,power_output,Statistical anomaly (z=2.56),heuristic_screening,False,SCREENING_ONLY
2026-05-06T12:00:00.000000000,TB10,2.553,power_output,Statistical anomaly (z=2.55),heuristic_screening,False,SCREENING_ONLY
2026-05-06T12:10:00.000000000,TB10,2.5064,power_output,Statistical anomaly (z=2.51),heuristic_screening,False,SCREENING_ONLY
2026-05-06T12:20:00.000000000,TB10,2.5055,power_output,Statistical anomaly (z=2.51),heuristic_screening,False,SCREENING_ONLY
2026-05-06T12:30:00.000000000,TB10,2.5616,power_output,Statistical anomaly (z=2.56),heuristic_screening,False,SCREENING_ONLY
2026-05-06T16:30:00.000000000,TB10,2.5039,power_output,Statistical anomaly (z=2.50),heuristic_screening,False,SCREENING_ONLY
2026-05-07T19:50:00.000000000,TB10,2.5311,power_output,Statistical anomaly (z=2.53),heuristic_screening,False,SCREENING_ONLY
2026-05-26T14:10:00.000000000,TB10,2.5258,power_output,Statistical anomaly (z=2.53),heuristic_screening,False,SCREENING_ONLY
2026-05-26T14:20:00.000000000,TB10,2.5349,power_output,Statistical anomaly (z=2.53),heuristic_screening,False,SCREENING_ONLY
2026-05-26T17:40:00.000000000,TB10,2.5631,power_output,Statistical anomaly (z=2.56),heuristic_screening,False,SCREENING_ONLY
2026-05-29T01:30:00.000000000,TB10,2.5596,power_output,Statistical anomaly (z=2.56),heuristic_screening,False,SCREENING_ONLY
2026-06-03T11:40:00.000000000,TB10,2.5523,power_output,Statistical anomaly (z=2.55),heuristic_screening,False,SCREENING_ONLY
2026-06-03T11:50:00.000000000,TB10,2.5234,power_output,Statistical anomaly (z=2.52),heuristic_screening,False,SCREENING_ONLY
2026-06-03T14:50:00.000000000,TB10,2.5099,power_output,Statistical anomaly (z=2.51),heuristic_screening,False,SCREENING_ONLY
2026-06-03T15:50:00.000000000,TB10,2.5623,power_output,Statistical anomaly (z=2.56),heuristic_screening,False,SCREENING_ONLY
2026-06-06T13:30:00.000000000,TB10,2.5447,power_output,Statistical anomaly (z=2.54),heuristic_screening,False,SCREENING_ONLY
2026-06-06T13:40:00.000000000,TB10,2.5162,power_output,Statistical anomaly (z=2.52),heuristic_screening,False,SCREENING_ONLY
2026-06-07T15:00:00.000000000,TB10,2.5025,power_output,Statistical anomaly (z=2.50),heuristic_screening,False,SCREENING_ONLY
2026-06-23T14:20:00.000000000,TB10,2.5079,power_output,Statistical anomaly (z=2.51),heuristic_screening,False,SCREENING_ONLY
2026-06-23T14:30:00.000000000,TB10,2.5127,power_output,Statistical anomaly (z=2.51),heuristic_screening,False,SCREENING_ONLY
2026-06-23T14:40:00.000000000,TB10,2.5545,power_output,Statistical anomaly (z=2.55),heuristic_screening,False,SCREENING_ONLY
2026-06-23T14:50:00.000000000,TB10,2.529,power_output,Statistical anomaly (z=2.53),heuristic_screening,False,SCREENING_ONLY
2026-06-23T15:00:00.000000000,TB10,2.5384,power_output,Statistical anomaly (z=2.54),heuristic_screening,False,SCREENING_ONLY
2026-06-23T15:50:00.000000000,TB10,2.5256,power_output,Statistical anomaly (z=2.53),heuristic_screening,False,SCREENING_ONLY
2026-06-23T16:20:00.000000000,TB10,2.5414,power_output,Statistical anomaly (z=2.54),heuristic_screening,False,SCREENING_ONLY
2026-06-24T13:40:00.000000000,TB10,2.5204,power_output,Statistical anomaly (z=2.52),heuristic_screening,False,SCREENING_ONLY
2026-06-24T14:00:00.000000000,TB10,2.516,power_output,Statistical anomaly (z=2.52),heuristic_screening,False,SCREENING_ONLY
2026-06-24T14:10:00.000000000,TB10,2.5507,power_output,Statistical anomaly (z=2.55),heuristic_screening,False,SCREENING_ONLY
2026-06-24T14:20:00.000000000,TB10,2.5533,power_output,Statistical anomaly (z=2.55),heuristic_screening,False,SCREENING_ONLY
2026-06-24T14:50:00.000000000,TB10,2.5011,power_output,Statistical anomaly (z=2.50),heuristic_screening,False,SCREENING_ONLY
2026-06-24T15:00:00.000000000,TB10,2.5607,power_output,Statistical anomaly (z=2.56),heuristic_screening,False,SCREENING_ONLY
2026-06-24T15:10:00.000000000,TB10,2.5311,power_output,Statistical anomaly (z=2.53),heuristic_screening,False,SCREENING_ONLY
2026-06-25T11:50:00.000000000,TB10,2.5307,power_output,Statistical anomaly (z=2.53),heuristic_screening,False,SCREENING_ONLY
2026-06-25T12:10:00.000000000,TB10,2.503,power_output,Statistical anomaly (z=2.50),heuristic_screening,False,SCREENING_ONLY
2026-06-25T12:20:00.000000000,TB10,2.5458,power_output,Statistical anomaly (z=2.55),heuristic_screening,False,SCREENING_ONLY
2026-06-25T12:30:00.000000000,TB10,2.546,power_output,Statistical anomaly (z=2.55),heuristic_screening,False,SCREENING_ONLY
2026-06-25T12:40:00.000000000,TB10,2.5558,power_output,Statistical anomaly (z=2.56),heuristic_screening,False,SCREENING_ONLY
2026-06-25T12:50:00.000000000,TB10,2.5603,power_output,Statistical anomaly (z=2.56),heuristic_screening,False,SCREENING_ONLY
2026-06-25T13:00:00.000000000,TB10,2.5603,power_output,Statistical anomaly (z=2.56),heuristic_screening,False,SCREENING_ONLY
2026-06-25T13:10:00.000000000,TB10,2.5428,power_output,Statistical anomaly (z=2.54),heuristic_screening,False,SCREENING_ONLY
2026-06-25T13:20:00.000000000,TB10,2.53,power_output,Statistical anomaly (z=2.53),heuristic_screening,False,SCREENING_ONLY
2026-06-25T13:30:00.000000000,TB10,2.5598,power_output,Statistical anomaly (z=2.56),heuristic_screening,False,SCREENING_ONLY
2026-06-25T13:40:00.000000000,TB10,2.56,power_output,Statistical anomaly (z=2.56),heuristic_screening,False,SCREENING_ONLY
2026-06-25T13:50:00.000000000,TB10,2.557,power_output,Statistical anomaly (z=2.56),heuristic_screening,False,SCREENING_ONLY
2026-06-25T14:00:00.000000000,TB10,2.5603,power_output,Statistical anomaly (z=2.56),heuristic_screening,False,SCREENING_ONLY
2026-06-25T14:10:00.000000000,TB10,2.5594,power_output,Statistical anomaly (z=2.56),heuristic_screening,False,SCREENING_ONLY
2026-06-25T14:20:00.000000000,TB10,2.5573,power_output,Statistical anomaly (z=2.56),heuristic_screening,False,SCREENING_ONLY
2026-06-25T14:30:00.000000000,TB10,2.5482,power_output,Statistical anomaly (z=2.55),heuristic_screening,False,SCREENING_ONLY
2026-06-25T14:40:00.000000000,TB10,2.5086,power_output,Statistical anomaly (z=2.51),heuristic_screening,False,SCREENING_ONLY
2026-06-25T15:10:00.000000000,TB10,2.5209,power_output,Statistical anomaly (z=2.52),heuristic_screening,False,SCREENING_ONLY
2026-06-25T15:20:00.000000000,TB10,2.5587,power_output,Statistical anomaly (z=2.56),heuristic_screening,False,SCREENING_ONLY
2026-06-25T15:30:00.000000000,TB10,2.5502,power_output,Statistical anomaly (z=2.55),heuristic_screening,False,SCREENING_ONLY
2026-06-25T15:40:00.000000000,TB10,2.5018,power_output,Statistical anomaly (z=2.50),heuristic_screening,False,SCREENING_ONLY
2026-06-25T15:50:00.000000000,TB10,2.5335,power_output,Statistical anomaly (z=2.53),heuristic_screening,False,SCREENING_ONLY
2026-06-25T16:30:00.000000000,TB10,2.505,power_output,Statistical anomaly (z=2.50),heuristic_screening,False,SCREENING_ONLY
2026-06-25T16:40:00.000000000,TB10,2.5428,power_output,Statistical anomaly (z=2.54),heuristic_screening,False,SCREENING_ONLY
2026-06-25T16:50:00.000000000,TB10,2.5312,power_output,Statistical anomaly (z=2.53),heuristic_screening,False,SCREENING_ONLY
2026-06-25T21:00:00.000000000,TB10,2.5503,power_output,Statistical anomaly (z=2.55),heuristic_screening,False,SCREENING_ONLY
2026-06-26T13:20:00.000000000,TB10,2.5099,power_output,Statistical anomaly (z=2.51),heuristic_screening,False,SCREENING_ONLY
2026-06-26T13:30:00.000000000,TB10,2.5402,power_output,Statistical anomaly (z=2.54),heuristic_screening,False,SCREENING_ONLY
2026-06-26T13:40:00.000000000,TB10,2.5439,power_output,Statistical anomaly (z=2.54),heuristic_screening,False,SCREENING_ONLY
2026-06-26T13:50:00.000000000,TB10,2.5221,power_output,Statistical anomaly (z=2.52),heuristic_screening,False,SCREENING_ONLY
2026-06-26T14:00:00.000000000,TB10,2.5188,power_output,Statistical anomaly (z=2.52),heuristic_screening,False,SCREENING_ONLY
2026-06-26T14:10:00.000000000,TB10,2.5325,power_output,Statistical anomaly (z=2.53),heuristic_screening,False,SCREENING_ONLY
2026-06-26T14:20:00.000000000,TB10,2.544,power_output,Statistical anomaly (z=2.54),heuristic_screening,False,SCREENING_ONLY
2026-06-26T14:40:00.000000000,TB10,2.5607,power_output,Statistical anomaly (z=2.56),heuristic_screening,False,SCREENING_ONLY
2026-06-26T14:50:00.000000000,TB10,2.5575,power_output,Statistical anomaly (z=2.56),heuristic_screening,False,SCREENING_ONLY
2026-06-26T15:00:00.000000000,TB10,2.5591,power_output,Statistical anomaly (z=2.56),heuristic_screening,False,SCREENING_ONLY
2026-06-26T15:10:00.000000000,TB10,2.534,power_output,Statistical anomaly (z=2.53),heuristic_screening,False,SCREENING_ONLY
2026-06-26T15:20:00.000000000,TB10,2.5326,power_output,Statistical anomaly (z=2.53),heuristic_screening,False,SCREENING_ONLY
2026-06-26T15:30:00.000000000,TB10,2.5447,power_output,Statistical anomaly (z=2.54),heuristic_screening,False,SCREENING_ONLY
2026-06-26T15:40:00.000000000,TB10,2.5118,power_output,Statistical anomaly (z=2.51),heuristic_screening,False,SCREENING_ONLY
2026-06-26T16:00:00.000000000,TB10,2.5502,power_output,Statistical anomaly (z=2.55),heuristic_screening,False,SCREENING_ONLY
2026-06-27T11:50:00.000000000,TB10,2.5018,power_output,Statistical anomaly (z=2.50),heuristic_screening,False,SCREENING_ONLY
2026-06-27T12:40:00.000000000,TB10,2.5178,power_output,Statistical anomaly (z=2.52),heuristic_screening,False,SCREENING_ONLY
2026-06-27T12:50:00.000000000,TB10,2.5225,power_output,Statistical anomaly (z=2.52),heuristic_screening,False,SCREENING_ONLY
2026-06-27T13:00:00.000000000,TB10,2.533,power_output,Statistical anomaly (z=2.53),heuristic_screening,False,SCREENING_ONLY
2026-06-27T13:10:00.000000000,TB10,2.5395,power_output,Statistical anomaly (z=2.54),heuristic_screening,False,SCREENING_ONLY
2026-06-27T13:20:00.000000000,TB10,2.5291,power_output,Statistical anomaly (z=2.53),heuristic_screening,False,SCREENING_ONLY
2026-06-27T13:30:00.000000000,TB10,2.5465,power_output,Statistical anomaly (z=2.55),heuristic_screening,False,SCREENING_ONLY
2026-06-27T13:40:00.000000000,TB10,2.5419,power_output,Statistical anomaly (z=2.54),heuristic_screening,False,SCREENING_ONLY
2026-06-27T13:50:00.000000000,TB10,2.5475,power_output,Statistical anomaly (z=2.55),heuristic_screening,False,SCREENING_ONLY
2026-06-27T14:00:00.000000000,TB10,2.5339,power_output,Statistical anomaly (z=2.53),heuristic_screening,False,SCREENING_ONLY
2026-06-27T14:10:00.000000000,TB10,2.5421,power_output,Statistical anomaly (z=2.54),heuristic_screening,False,SCREENING_ONLY
2026-06-27T14:20:00.000000000,TB10,2.55,power_output,Statistical anomaly (z=2.55),heuristic_screening,False,SCREENING_ONLY
2026-06-27T15:20:00.000000000,TB10,2.5566,power_output,Statistical anomaly (z=2.56),heuristic_screening,False,SCREENING_ONLY
2026-06-27T15:40:00.000000000,TB10,2.5034,power_output,Statistical anomaly (z=2.50),heuristic_screening,False,SCREENING_ONLY
2026-06-27T15:50:00.000000000,TB10,2.5326,power_output,Statistical anomaly (z=2.53),heuristic_screening,False,SCREENING_ONLY
2026-06-27T16:00:00.000000000,TB10,2.5074,power_output,Statistical anomaly (z=2.51),heuristic_screening,False,SCREENING_ONLY
2026-06-27T17:40:00.000000000,TB10,2.5444,power_output,Statistical anomaly (z=2.54),heuristic_screening,False,SCREENING_ONLY
2026-06-28T13:30:00.000000000,TB10,2.5477,power_output,Statistical anomaly (z=2.55),heuristic_screening,False,SCREENING_ONLY
2026-06-28T13:40:00.000000000,TB10,2.56,power_output,Statistical anomaly (z=2.56),heuristic_screening,False,SCREENING_ONLY
2026-06-29T14:00:00.000000000,TB10,2.5209,power_output,Statistical anomaly (z=2.52),heuristic_screening,False,SCREENING_ONLY
2026-06-29T15:30:00.000000000,TB10,2.5041,power_output,Statistical anomaly (z=2.50),heuristic_screening,False,SCREENING_ONLY
2026-06-29T15:40:00.000000000,TB10,2.5598,power_output,Statistical anomaly (z=2.56),heuristic_screening,False,SCREENING_ONLY
2026-06-29T15:50:00.000000000,TB10,2.561,power_output,Statistical anomaly (z=2.56),heuristic_screening,False,SCREENING_ONLY
2026-07-01T10:30:00.000000000,TB10,2.5043,power_output,Statistical anomaly (z=2.50),heuristic_screening,False,SCREENING_ONLY
2026-07-01T11:00:00.000000000,TB10,2.5616,power_output,Statistical anomaly (z=2.56),heuristic_screening,False,SCREENING_ONLY
2026-07-01T11:10:00.000000000,TB10,2.5616,power_output,Statistical anomaly (z=2.56),heuristic_screening,False,SCREENING_ONLY
2026-07-01T11:30:00.000000000,TB10,2.5619,power_output,Statistical anomaly (z=2.56),heuristic_screening,False,SCREENING_ONLY
2026-07-01T11:40:00.000000000,TB10,2.561,power_output,Statistical anomaly (z=2.56),heuristic_screening,False,SCREENING_ONLY
2026-07-01T11:50:00.000000000,TB10,2.5587,power_output,Statistical anomaly (z=2.56),heuristic_screening,False,SCREENING_ONLY
2026-07-01T12:00:00.000000000,TB10,2.539,power_output,Statistical anomaly (z=2.54),heuristic_screening,False,SCREENING_ONLY
2026-07-01T12:10:00.000000000,TB10,2.5449,power_output,Statistical anomaly (z=2.54),heuristic_screening,False,SCREENING_ONLY
2026-07-01T12:20:00.000000000,TB10,2.5516,power_output,Statistical anomaly (z=2.55),heuristic_screening,False,SCREENING_ONLY
2026-07-01T13:50:00.000000000,TB10,2.5565,power_output,Statistical anomaly (z=2.56),heuristic_screening,False,SCREENING_ONLY
2026-07-01T17:20:00.000000000,TB10,2.5544,power_output,Statistical anomaly (z=2.55),heuristic_screening,False,SCREENING_ONLY
2026-07-01T18:50:00.000000000,TB10,2.5139,power_output,Statistical anomaly (z=2.51),heuristic_screening,False,SCREENING_ONLY
2026-07-03T13:20:00.000000000,TB10,2.5626,power_output,Statistical anomaly (z=2.56),heuristic_screening,False,SCREENING_ONLY
2026-07-03T13:30:00.000000000,TB10,2.5621,power_output,Statistical anomaly (z=2.56),heuristic_screening,False,SCREENING_ONLY
2026-07-03T13:40:00.000000000,TB10,2.5556,power_output,Statistical anomaly (z=2.56),heuristic_screening,False,SCREENING_ONLY
2026-07-03T14:00:00.000000000,TB10,2.5603,power_output,Statistical anomaly (z=2.56),heuristic_screening,False,SCREENING_ONLY
2026-07-03T14:10:00.000000000,TB10,2.537,power_output,Statistical anomaly (z=2.54),heuristic_screening,False,SCREENING_ONLY
2026-07-03T14:50:00.000000000,TB10,2.5559,power_output,Statistical anomaly (z=2.56),heuristic_screening,False,SCREENING_ONLY
2026-07-03T15:00:00.000000000,TB10,2.5528,power_output,Statistical anomaly (z=2.55),heuristic_screening,False,SCREENING_ONLY
2026-07-03T15:10:00.000000000,TB10,2.5619,power_output,Statistical anomaly (z=2.56),heuristic_screening,False,SCREENING_ONLY
2026-07-03T15:20:00.000000000,TB10,2.5612,power_output,Statistical anomaly (z=2.56),heuristic_screening,False,SCREENING_ONLY
2026-07-03T15:30:00.000000000,TB10,2.5544,power_output,Statistical anomaly (z=2.55),heuristic_screening,False,SCREENING_ONLY
2026-07-03T15:50:00.000000000,TB10,2.5037,power_output,Statistical anomaly (z=2.50),heuristic_screening,False,SCREENING_ONLY
2026-07-03T16:00:00.000000000,TB10,2.5188,power_output,Statistical anomaly (z=2.52),heuristic_screening,False,SCREENING_ONLY
2026-07-03T16:20:00.000000000,TB10,2.5486,power_output,Statistical anomaly (z=2.55),heuristic_screening,False,SCREENING_ONLY
2026-07-03T16:30:00.000000000,TB10,2.5001,power_output,Statistical anomaly (z=2.50),heuristic_screening,False,SCREENING_ONLY
2026-07-03T16:40:00.000000000,TB10,2.5323,power_output,Statistical anomaly (z=2.53),heuristic_screening,False,SCREENING_ONLY
2026-07-03T16:50:00.000000000,TB10,2.55,power_output,Statistical anomaly (z=2.55),heuristic_screening,False,SCREENING_ONLY
2026-07-03T17:30:00.000000000,TB10,2.5432,power_output,Statistical anomaly (z=2.54),heuristic_screening,False,SCREENING_ONLY
2026-07-06T14:40:00.000000000,TB10,2.5272,power_output,Statistical anomaly (z=2.53),heuristic_screening,False,SCREENING_ONLY
2026-07-06T14:50:00.000000000,TB10,2.5067,power_output,Statistical anomaly (z=2.51),heuristic_screening,False,SCREENING_ONLY
2026-07-07T13:30:00.000000000,TB10,2.5169,power_output,Statistical anomaly (z=2.52),heuristic_screening,False,SCREENING_ONLY
2026-07-07T14:30:00.000000000,TB10,2.502,power_output,Statistical anomaly (z=2.50),heuristic_screening,False,SCREENING_ONLY
2026-07-13T11:20:00.000000000,TB10,2.5556,power_output,Statistical anomaly (z=2.56),heuristic_screening,False,SCREENING_ONLY
2026-07-13T12:50:00.000000000,TB10,2.5598,power_output,Statistical anomaly (z=2.56),heuristic_screening,False,SCREENING_ONLY
2026-07-13T13:00:00.000000000,TB10,2.5093,power_output,Statistical anomaly (z=2.51),heuristic_screening,False,SCREENING_ONLY
2026-07-13T13:10:00.000000000,TB10,2.5109,power_output,Statistical anomaly (z=2.51),heuristic_screening,False,SCREENING_ONLY
2026-07-13T13:20:00.000000000,TB10,2.5601,power_output,Statistical anomaly (z=2.56),heuristic_screening,False,SCREENING_ONLY
2026-07-13T13:30:00.000000000,TB10,2.5554,power_output,Statistical anomaly (z=2.56),heuristic_screening,False,SCREENING_ONLY
2026-07-13T13:50:00.000000000,TB10,2.5347,power_output,Statistical anomaly (z=2.53),heuristic_screening,False,SCREENING_ONLY
2026-07-13T14:00:00.000000000,TB10,2.5018,power_output,Statistical anomaly (z=2.50),heuristic_screening,False,SCREENING_ONLY
2026-07-13T15:00:00.000000000,TB10,2.5283,power_output,Statistical anomaly (z=2.53),heuristic_screening,False,SCREENING_ONLY
2026-07-13T15:10:00.000000000,TB10,2.5547,power_output,Statistical anomaly (z=2.55),heuristic_screening,False,SCREENING_ONLY
2026-07-13T16:40:00.000000000,TB10,2.5573,power_output,Statistical anomaly (z=2.56),heuristic_screening,False,SCREENING_ONLY
2026-07-15T12:40:00.000000000,TB10,2.5155,power_output,Statistical anomaly (z=2.52),heuristic_screening,False,SCREENING_ONLY
2026-07-15T12:50:00.000000000,TB10,2.5498,power_output,Statistical anomaly (z=2.55),heuristic_screening,False,SCREENING_ONLY
2026-07-15T13:10:00.000000000,TB10,2.5242,power_output,Statistical anomaly (z=2.52),heuristic_screening,False,SCREENING_ONLY
2026-07-15T13:30:00.000000000,TB10,2.5001,power_output,Statistical anomaly (z=2.50),heuristic_screening,False,SCREENING_ONLY
2026-07-15T14:20:00.000000000,TB10,2.5263,power_output,Statistical anomaly (z=2.53),heuristic_screening,False,SCREENING_ONLY
2026-07-15T14:40:00.000000000,TB10,2.5381,power_output,Statistical anomaly (z=2.54),heuristic_screening,False,SCREENING_ONLY
2026-07-15T14:50:00.000000000,TB10,2.5314,power_output,Statistical anomaly (z=2.53),heuristic_screening,False,SCREENING_ONLY
2026-07-15T15:30:00.000000000,TB10,2.5251,power_output,Statistical anomaly (z=2.53),heuristic_screening,False,SCREENING_ONLY
2026-07-15T16:00:00.000000000,TB10,2.5463,power_output,Statistical anomaly (z=2.55),heuristic_screening,False,SCREENING_ONLY
2026-07-15T16:10:00.000000000,TB10,2.5559,power_output,Statistical anomaly (z=2.56),heuristic_screening,False,SCREENING_ONLY
2026-07-15T16:20:00.000000000,TB10,2.5451,power_output,Statistical anomaly (z=2.55),heuristic_screening,False,SCREENING_ONLY
2026-07-15T16:30:00.000000000,TB10,2.5544,power_output,Statistical anomaly (z=2.55),heuristic_screening,False,SCREENING_ONLY
2026-07-15T16:40:00.000000000,TB10,2.5251,power_output,Statistical anomaly (z=2.53),heuristic_screening,False,SCREENING_ONLY
2026-07-15T16:50:00.000000000,TB10,2.5125,power_output,Statistical anomaly (z=2.51),heuristic_screening,False,SCREENING_ONLY
2026-07-15T17:10:00.000000000,TB10,2.5382,power_output,Statistical anomaly (z=2.54),heuristic_screening,False,SCREENING_ONLY
2026-07-15T17:20:00.000000000,TB10,2.5312,power_output,Statistical anomaly (z=2.53),heuristic_screening,False,SCREENING_ONLY
2026-07-15T17:30:00.000000000,TB10,2.5559,power_output,Statistical anomaly (z=2.56),heuristic_screening,False,SCREENING_ONLY
2026-07-15T17:40:00.000000000,TB10,2.551,power_output,Statistical anomaly (z=2.55),heuristic_screening,False,SCREENING_ONLY
2026-07-16T17:20:00.000000000,TB10,2.5404,power_output,Statistical anomaly (z=2.54),heuristic_screening,False,SCREENING_ONLY
2026-07-17T17:10:00.000000000,TB10,2.5488,power_output,Statistical anomaly (z=2.55),heuristic_screening,False,SCREENING_ONLY
2026-07-17T17:20:00.000000000,TB10,2.5507,power_output,Statistical anomaly (z=2.55),heuristic_screening,False,SCREENING_ONLY
2026-07-18T12:40:00.000000000,TB10,2.5339,power_output,Statistical anomaly (z=2.53),heuristic_screening,False,SCREENING_ONLY
2026-07-18T12:50:00.000000000,TB10,2.5065,power_output,Statistical anomaly (z=2.51),heuristic_screening,False,SCREENING_ONLY
2026-07-18T13:50:00.000000000,TB10,2.5586,power_output,Statistical anomaly (z=2.56),heuristic_screening,False,SCREENING_ONLY
2026-07-18T14:00:00.000000000,TB10,2.5561,power_output,Statistical anomaly (z=2.56),heuristic_screening,False,SCREENING_ONLY
2026-07-18T14:10:00.000000000,TB10,2.5598,power_output,Statistical anomaly (z=2.56),heuristic_screening,False,SCREENING_ONLY
2026-07-18T14:20:00.000000000,TB10,2.5596,power_output,Statistical anomaly (z=2.56),heuristic_screening,False,SCREENING_ONLY
2026-07-18T15:20:00.000000000,TB10,2.5249,power_output,Statistical anomaly (z=2.52),heuristic_screening,False,SCREENING_ONLY
2026-07-18T16:40:00.000000000,TB10,2.5235,power_output,Statistical anomaly (z=2.52),heuristic_screening,False,SCREENING_ONLY
2026-07-19T14:10:00.000000000,TB10,2.5491,power_output,Statistical anomaly (z=2.55),heuristic_screening,False,SCREENING_ONLY
2026-07-19T14:20:00.000000000,TB10,2.5279,power_output,Statistical anomaly (z=2.53),heuristic_screening,False,SCREENING_ONLY
2026-07-19T14:30:00.000000000,TB10,2.5179,power_output,Statistical anomaly (z=2.52),heuristic_screening,False,SCREENING_ONLY
2026-07-20T13:20:00.000000000,TB10,2.5235,power_output,Statistical anomaly (z=2.52),heuristic_screening,False,SCREENING_ONLY
2026-07-20T13:50:00.000000000,TB10,2.5242,power_output,Statistical anomaly (z=2.52),heuristic_screening,False,SCREENING_ONLY
2026-07-20T14:00:00.000000000,TB10,2.5332,power_output,Statistical anomaly (z=2.53),heuristic_screening,False,SCREENING_ONLY
2026-07-20T14:10:00.000000000,TB10,2.5432,power_output,Statistical anomaly (z=2.54),heuristic_screening,False,SCREENING_ONLY
2026-07-20T14:20:00.000000000,TB10,2.5227,power_output,Statistical anomaly (z=2.52),heuristic_screening,False,SCREENING_ONLY
2026-07-20T14:40:00.000000000,TB10,2.5481,power_output,Statistical anomaly (z=2.55),heuristic_screening,False,SCREENING_ONLY
2026-07-20T14:50:00.000000000,TB10,2.5134,power_output,Statistical anomaly (z=2.51),heuristic_screening,False,SCREENING_ONLY
2026-07-20T15:00:00.000000000,TB10,2.5598,power_output,Statistical anomaly (z=2.56),heuristic_screening,False,SCREENING_ONLY
2026-07-20T15:10:00.000000000,TB10,2.5446,power_output,Statistical anomaly (z=2.54),heuristic_screening,False,SCREENING_ONLY
2026-07-20T15:20:00.000000000,TB10,2.56,power_output,Statistical anomaly (z=2.56),heuristic_screening,False,SCREENING_ONLY
2026-07-20T15:30:00.000000000,TB10,2.543,power_output,Statistical anomaly (z=2.54),heuristic_screening,False,SCREENING_ONLY
2026-07-20T15:40:00.000000000,TB10,2.5551,power_output,Statistical anomaly (z=2.56),heuristic_screening,False,SCREENING_ONLY
2026-07-20T15:50:00.000000000,TB10,2.5283,power_output,Statistical anomaly (z=2.53),heuristic_screening,False,SCREENING_ONLY
2026-07-20T16:00:00.000000000,TB10,2.5022,power_output,Statistical anomaly (z=2.50),heuristic_screening,False,SCREENING_ONLY
2026-07-20T16:20:00.000000000,TB10,2.5002,power_output,Statistical anomaly (z=2.50),heuristic_screening,False,SCREENING_ONLY
2026-07-20T16:30:00.000000000,TB10,2.5199,power_output,Statistical anomaly (z=2.52),heuristic_screening,False,SCREENING_ONLY
2026-07-20T16:50:00.000000000,TB10,2.5439,power_output,Statistical anomaly (z=2.54),heuristic_screening,False,SCREENING_ONLY
2026-07-20T17:20:00.000000000,TB10,2.5523,power_output,Statistical anomaly (z=2.55),heuristic_screening,False,SCREENING_ONLY
2026-07-20T17:30:00.000000000,TB10,2.5178,power_output,Statistical anomaly (z=2.52),heuristic_screening,False,SCREENING_ONLY
2026-07-20T17:40:00.000000000,TB10,2.56,power_output,Statistical anomaly (z=2.56),heuristic_screening,False,SCREENING_ONLY
2026-07-20T19:30:00.000000000,TB10,2.5302,power_output,Statistical anomaly (z=2.53),heuristic_screening,False,SCREENING_ONLY
2026-07-21T13:20:00.000000000,TB10,2.505,power_output,Statistical anomaly (z=2.50),heuristic_screening,False,SCREENING_ONLY
2026-07-21T14:10:00.000000000,TB10,2.5402,power_output,Statistical anomaly (z=2.54),heuristic_screening,False,SCREENING_ONLY
2026-07-21T14:20:00.000000000,TB10,2.5498,power_output,Statistical anomaly (z=2.55),heuristic_screening,False,SCREENING_ONLY
2026-07-21T14:30:00.000000000,TB10,2.5134,power_output,Statistical anomaly (z=2.51),heuristic_screening,False,SCREENING_ONLY
2026-07-21T14:40:00.000000000,TB10,2.5234,power_output,Statistical anomaly (z=2.52),heuristic_screening,False,SCREENING_ONLY
2026-07-21T14:50:00.000000000,TB10,2.5249,power_output,Statistical anomaly (z=2.52),heuristic_screening,False,SCREENING_ONLY
2026-07-21T15:00:00.000000000,TB10,2.5582,power_output,Statistical anomaly (z=2.56),heuristic_screening,False,SCREENING_ONLY
2026-07-21T15:10:00.000000000,TB10,2.5535,power_output,Statistical anomaly (z=2.55),heuristic_screening,False,SCREENING_ONLY
2026-07-21T15:50:00.000000000,TB10,2.5353,power_output,Statistical anomaly (z=2.54),heuristic_screening,False,SCREENING_ONLY
2026-07-22T12:20:00.000000000,TB10,2.5071,power_output,Statistical anomaly (z=2.51),heuristic_screening,False,SCREENING_ONLY
2026-07-22T14:10:00.000000000,TB10,2.557,power_output,Statistical anomaly (z=2.56),heuristic_screening,False,SCREENING_ONLY
2026-07-22T14:20:00.000000000,TB10,2.5468,power_output,Statistical anomaly (z=2.55),heuristic_screening,False,SCREENING_ONLY
2026-07-22T14:40:00.000000000,TB10,2.5596,power_output,Statistical anomaly (z=2.56),heuristic_screening,False,SCREENING_ONLY
2026-01-19T16:50:00.000000000,TB12,2.6405,power_output,Statistical anomaly (z=2.64),heuristic_screening,False,SCREENING_ONLY
2026-01-19T17:00:00.000000000,TB12,2.7201,power_output,Statistical anomaly (z=2.72),heuristic_screening,False,SCREENING_ONLY
2026-01-19T17:10:00.000000000,TB12,2.7579,power_output,Statistical anomaly (z=2.76),heuristic_screening,False,SCREENING_ONLY
2026-01-19T17:20:00.000000000,TB12,2.7445,power_output,Statistical anomaly (z=2.74),heuristic_screening,False,SCREENING_ONLY
2026-01-19T17:30:00.000000000,TB12,2.7265,power_output,Statistical anomaly (z=2.73),heuristic_screening,False,SCREENING_ONLY
2026-01-19T17:40:00.000000000,TB12,2.5079,power_output,Statistical anomaly (z=2.51),heuristic_screening,False,SCREENING_ONLY
2026-01-20T15:20:00.000000000,TB12,2.605,power_output,Statistical anomaly (z=2.61),heuristic_screening,False,SCREENING_ONLY
2026-01-20T15:30:00.000000000,TB12,2.5366,power_output,Statistical anomaly (z=2.54),heuristic_screening,False,SCREENING_ONLY
2026-01-20T15:40:00.000000000,TB12,2.7119,power_output,Statistical anomaly (z=2.71),heuristic_screening,False,SCREENING_ONLY
2026-01-20T15:50:00.000000000,TB12,2.7542,power_output,Statistical anomaly (z=2.75),heuristic_screening,False,SCREENING_ONLY
2026-01-20T16:00:00.000000000,TB12,2.7577,power_output,Statistical anomaly (z=2.76),heuristic_screening,False,SCREENING_ONLY
2026-01-20T16:10:00.000000000,TB12,2.7484,power_output,Statistical anomaly (z=2.75),heuristic_screening,False,SCREENING_ONLY
2026-01-20T16:20:00.000000000,TB12,2.7468,power_output,Statistical anomaly (z=2.75),heuristic_screening,False,SCREENING_ONLY
2026-01-20T16:30:00.000000000,TB12,2.7497,power_output,Statistical anomaly (z=2.75),heuristic_screening,False,SCREENING_ONLY
2026-01-20T16:40:00.000000000,TB12,2.7036,power_output,Statistical anomaly (z=2.70),heuristic_screening,False,SCREENING_ONLY
2026-01-20T16:50:00.000000000,TB12,2.7447,power_output,Statistical anomaly (z=2.74),heuristic_screening,False,SCREENING_ONLY
2026-01-20T17:00:00.000000000,TB12,2.7545,power_output,Statistical anomaly (z=2.75),heuristic_screening,False,SCREENING_ONLY
2026-01-20T17:10:00.000000000,TB12,2.6518,power_output,Statistical anomaly (z=2.65),heuristic_screening,False,SCREENING_ONLY
2026-01-20T17:30:00.000000000,TB12,2.5181,power_output,Statistical anomaly (z=2.52),heuristic_screening,False,SCREENING_ONLY
2026-01-21T13:20:00.000000000,TB12,2.5007,power_output,Statistical anomaly (z=2.50),heuristic_screening,False,SCREENING_ONLY
2026-01-21T13:50:00.000000000,TB12,2.6667,power_output,Statistical anomaly (z=2.67),heuristic_screening,False,SCREENING_ONLY
2026-01-21T14:00:00.000000000,TB12,2.6412,power_output,Statistical anomaly (z=2.64),heuristic_screening,False,SCREENING_ONLY
2026-01-21T14:10:00.000000000,TB12,2.7314,power_output,Statistical anomaly (z=2.73),heuristic_screening,False,SCREENING_ONLY
2026-01-21T14:20:00.000000000,TB12,2.7214,power_output,Statistical anomaly (z=2.72),heuristic_screening,False,SCREENING_ONLY
2026-01-21T14:30:00.000000000,TB12,2.7495,power_output,Statistical anomaly (z=2.75),heuristic_screening,False,SCREENING_ONLY
2026-01-21T14:40:00.000000000,TB12,2.7395,power_output,Statistical anomaly (z=2.74),heuristic_screening,False,SCREENING_ONLY
2026-01-21T14:50:00.000000000,TB12,2.743,power_output,Statistical anomaly (z=2.74),heuristic_screening,False,SCREENING_ONLY
2026-01-21T15:00:00.000000000,TB12,2.7455,power_output,Statistical anomaly (z=2.75),heuristic_screening,False,SCREENING_ONLY
2026-01-21T15:10:00.000000000,TB12,2.7464,power_output,Statistical anomaly (z=2.75),heuristic_screening,False,SCREENING_ONLY
2026-01-21T15:20:00.000000000,TB12,2.7436,power_output,Statistical anomaly (z=2.74),heuristic_screening,False,SCREENING_ONLY
2026-01-21T15:30:00.000000000,TB12,2.7583,power_output,Statistical anomaly (z=2.76),heuristic_screening,False,SCREENING_ONLY
2026-01-21T15:40:00.000000000,TB12,2.7579,power_output,Statistical anomaly (z=2.76),heuristic_screening,False,SCREENING_ONLY
2026-01-21T15:50:00.000000000,TB12,2.7577,power_output,Statistical anomaly (z=2.76),heuristic_screening,False,SCREENING_ONLY
2026-01-21T16:00:00.000000000,TB12,2.7586,power_output,Statistical anomaly (z=2.76),heuristic_screening,False,SCREENING_ONLY
2026-01-21T16:10:00.000000000,TB12,2.755,power_output,Statistical anomaly (z=2.76),heuristic_screening,False,SCREENING_ONLY
2026-01-21T16:20:00.000000000,TB12,2.7545,power_output,Statistical anomaly (z=2.75),heuristic_screening,False,SCREENING_ONLY
2026-01-21T16:30:00.000000000,TB12,2.7477,power_output,Statistical anomaly (z=2.75),heuristic_screening,False,SCREENING_ONLY
2026-01-21T16:40:00.000000000,TB12,2.7452,power_output,Statistical anomaly (z=2.75),heuristic_screening,False,SCREENING_ONLY
2026-01-21T16:50:00.000000000,TB12,2.749,power_output,Statistical anomaly (z=2.75),heuristic_screening,False,SCREENING_ONLY
2026-01-22T05:40:00.000000000,TB12,2.6789,power_output,Statistical anomaly (z=2.68),heuristic_screening,False,SCREENING_ONLY
2026-01-23T01:50:00.000000000,TB12,2.5805,power_output,Statistical anomaly (z=2.58),heuristic_screening,False,SCREENING_ONLY
2026-01-23T02:00:00.000000000,TB12,2.6387,power_output,Statistical anomaly (z=2.64),heuristic_screening,False,SCREENING_ONLY
2026-01-23T02:50:00.000000000,TB12,2.6954,power_output,Statistical anomaly (z=2.70),heuristic_screening,False,SCREENING_ONLY
2026-01-23T12:40:00.000000000,TB12,2.5219,power_output,Statistical anomaly (z=2.52),heuristic_screening,False,SCREENING_ONLY
2026-01-24T15:40:00.000000000,TB12,2.5821,power_output,Statistical anomaly (z=2.58),heuristic_screening,False,SCREENING_ONLY
2026-01-24T15:50:00.000000000,TB12,2.6333,power_output,Statistical anomaly (z=2.63),heuristic_screening,False,SCREENING_ONLY
2026-01-24T16:50:00.000000000,TB12,2.5837,power_output,Statistical anomaly (z=2.58),heuristic_screening,False,SCREENING_ONLY
2026-01-27T17:20:00.000000000,TB12,2.5226,power_output,Statistical anomaly (z=2.52),heuristic_screening,False,SCREENING_ONLY
2026-01-28T12:40:00.000000000,TB12,2.6606,power_output,Statistical anomaly (z=2.66),heuristic_screening,False,SCREENING_ONLY
2026-01-28T13:00:00.000000000,TB12,2.6407,power_output,Statistical anomaly (z=2.64),heuristic_screening,False,SCREENING_ONLY
2026-01-28T13:10:00.000000000,TB12,2.6982,power_output,Statistical anomaly (z=2.70),heuristic_screening,False,SCREENING_ONLY
2026-01-28T13:20:00.000000000,TB12,2.5125,power_output,Statistical anomaly (z=2.51),heuristic_screening,False,SCREENING_ONLY
2026-01-28T13:40:00.000000000,TB12,2.6719,power_output,Statistical anomaly (z=2.67),heuristic_screening,False,SCREENING_ONLY
2026-01-28T13:50:00.000000000,TB12,2.5281,power_output,Statistical anomaly (z=2.53),heuristic_screening,False,SCREENING_ONLY
2026-01-28T14:00:00.000000000,TB12,2.7373,power_output,Statistical anomaly (z=2.74),heuristic_screening,False,SCREENING_ONLY
2026-01-28T14:10:00.000000000,TB12,2.6099,power_output,Statistical anomaly (z=2.61),heuristic_screening,False,SCREENING_ONLY
2026-01-28T14:20:00.000000000,TB12,2.6676,power_output,Statistical anomaly (z=2.67),heuristic_screening,False,SCREENING_ONLY
2026-01-28T15:20:00.000000000,TB12,2.5045,power_output,Statistical anomaly (z=2.50),heuristic_screening,False,SCREENING_ONLY
2026-01-28T15:30:00.000000000,TB12,2.7377,power_output,Statistical anomaly (z=2.74),heuristic_screening,False,SCREENING_ONLY
2026-01-28T15:40:00.000000000,TB12,2.7344,power_output,Statistical anomaly (z=2.73),heuristic_screening,False,SCREENING_ONLY
2026-01-28T15:50:00.000000000,TB12,2.5362,power_output,Statistical anomaly (z=2.54),heuristic_screening,False,SCREENING_ONLY
2026-01-28T16:00:00.000000000,TB12,2.6278,power_output,Statistical anomaly (z=2.63),heuristic_screening,False,SCREENING_ONLY
2026-01-28T16:40:00.000000000,TB12,2.5769,power_output,Statistical anomaly (z=2.58),heuristic_screening,False,SCREENING_ONLY
2026-01-28T17:00:00.000000000,TB12,2.6588,power_output,Statistical anomaly (z=2.66),heuristic_screening,False,SCREENING_ONLY
2026-01-28T17:10:00.000000000,TB12,2.548,power_output,Statistical anomaly (z=2.55),heuristic_screening,False,SCREENING_ONLY
2026-01-28T17:20:00.000000000,TB12,2.6586,power_output,Statistical anomaly (z=2.66),heuristic_screening,False,SCREENING_ONLY
2026-01-28T17:30:00.000000000,TB12,2.5376,power_output,Statistical anomaly (z=2.54),heuristic_screening,False,SCREENING_ONLY
2026-01-29T16:20:00.000000000,TB12,2.7398,power_output,Statistical anomaly (z=2.74),heuristic_screening,False,SCREENING_ONLY
2026-01-29T16:30:00.000000000,TB12,2.7344,power_output,Statistical anomaly (z=2.73),heuristic_screening,False,SCREENING_ONLY
2026-01-29T16:40:00.000000000,TB12,2.7226,power_output,Statistical anomaly (z=2.72),heuristic_screening,False,SCREENING_ONLY
2026-01-29T16:50:00.000000000,TB12,2.6507,power_output,Statistical anomaly (z=2.65),heuristic_screening,False,SCREENING_ONLY
2026-01-29T17:00:00.000000000,TB12,2.6989,power_output,Statistical anomaly (z=2.70),heuristic_screening,False,SCREENING_ONLY
2026-01-29T17:10:00.000000000,TB12,2.6446,power_output,Statistical anomaly (z=2.64),heuristic_screening,False,SCREENING_ONLY
2026-01-30T13:50:00.000000000,TB12,2.5034,power_output,Statistical anomaly (z=2.50),heuristic_screening,False,SCREENING_ONLY
2026-01-30T14:10:00.000000000,TB12,2.5993,power_output,Statistical anomaly (z=2.60),heuristic_screening,False,SCREENING_ONLY
2026-02-01T10:30:00.000000000,TB12,2.5751,power_output,Statistical anomaly (z=2.58),heuristic_screening,False,SCREENING_ONLY
2026-02-01T10:40:00.000000000,TB12,2.5455,power_output,Statistical anomaly (z=2.55),heuristic_screening,False,SCREENING_ONLY
2026-02-01T14:40:00.000000000,TB12,2.5529,power_output,Statistical anomaly (z=2.55),heuristic_screening,False,SCREENING_ONLY
2026-02-01T15:20:00.000000000,TB12,2.576,power_output,Statistical anomaly (z=2.58),heuristic_screening,False,SCREENING_ONLY
2026-02-01T15:30:00.000000000,TB12,2.5502,power_output,Statistical anomaly (z=2.55),heuristic_screening,False,SCREENING_ONLY
2026-02-01T15:40:00.000000000,TB12,2.6022,power_output,Statistical anomaly (z=2.60),heuristic_screening,False,SCREENING_ONLY
2026-02-01T15:50:00.000000000,TB12,2.5025,power_output,Statistical anomaly (z=2.50),heuristic_screening,False,SCREENING_ONLY
2026-02-01T16:10:00.000000000,TB12,2.5477,power_output,Statistical anomaly (z=2.55),heuristic_screening,False,SCREENING_ONLY
2026-02-01T16:20:00.000000000,TB12,2.6742,power_output,Statistical anomaly (z=2.67),heuristic_screening,False,SCREENING_ONLY
2026-02-01T16:30:00.000000000,TB12,2.5846,power_output,Statistical anomaly (z=2.58),heuristic_screening,False,SCREENING_ONLY
2026-02-02T05:20:00.000000000,TB12,2.6877,power_output,Statistical anomaly (z=2.69),heuristic_screening,False,SCREENING_ONLY
2026-02-02T05:30:00.000000000,TB12,2.6771,power_output,Statistical anomaly (z=2.68),heuristic_screening,False,SCREENING_ONLY
2026-02-02T15:30:00.000000000,TB12,2.6014,power_output,Statistical anomaly (z=2.60),heuristic_screening,False,SCREENING_ONLY
2026-02-02T15:40:00.000000000,TB12,2.7291,power_output,Statistical anomaly (z=2.73),heuristic_screening,False,SCREENING_ONLY
2026-02-02T15:50:00.000000000,TB12,2.6946,power_output,Statistical anomaly (z=2.69),heuristic_screening,False,SCREENING_ONLY
2026-02-02T16:00:00.000000000,TB12,2.7577,power_output,Statistical anomaly (z=2.76),heuristic_screening,False,SCREENING_ONLY
2026-02-02T16:10:00.000000000,TB12,2.7579,power_output,Statistical anomaly (z=2.76),heuristic_screening,False,SCREENING_ONLY
2026-02-02T16:40:00.000000000,TB12,2.6712,power_output,Statistical anomaly (z=2.67),heuristic_screening,False,SCREENING_ONLY
2026-02-02T16:50:00.000000000,TB12,2.6862,power_output,Statistical anomaly (z=2.69),heuristic_screening,False,SCREENING_ONLY
2026-02-02T17:10:00.000000000,TB12,2.6204,power_output,Statistical anomaly (z=2.62),heuristic_screening,False,SCREENING_ONLY
2026-02-02T17:20:00.000000000,TB12,2.528,power_output,Statistical anomaly (z=2.53),heuristic_screening,False,SCREENING_ONLY
2026-02-02T17:40:00.000000000,TB12,2.5943,power_output,Statistical anomaly (z=2.59),heuristic_screening,False,SCREENING_ONLY
2026-02-02T23:30:00.000000000,TB12,2.6882,power_output,Statistical anomaly (z=2.69),heuristic_screening,False,SCREENING_ONLY
2026-02-04T13:10:00.000000000,TB12,2.7576,power_output,Statistical anomaly (z=2.76),heuristic_screening,False,SCREENING_ONLY
2026-02-04T13:20:00.000000000,TB12,2.5959,power_output,Statistical anomaly (z=2.60),heuristic_screening,False,SCREENING_ONLY
2026-02-04T13:40:00.000000000,TB12,2.5432,power_output,Statistical anomaly (z=2.54),heuristic_screening,False,SCREENING_ONLY
2026-02-04T13:50:00.000000000,TB12,2.692,power_output,Statistical anomaly (z=2.69),heuristic_screening,False,SCREENING_ONLY
2026-02-04T14:00:00.000000000,TB12,2.5371,power_output,Statistical anomaly (z=2.54),heuristic_screening,False,SCREENING_ONLY
2026-02-04T14:10:00.000000000,TB12,2.749,power_output,Statistical anomaly (z=2.75),heuristic_screening,False,SCREENING_ONLY
2026-02-04T14:20:00.000000000,TB12,2.5636,power_output,Statistical anomaly (z=2.56),heuristic_screening,False,SCREENING_ONLY
2026-02-04T14:30:00.000000000,TB12,2.6574,power_output,Statistical anomaly (z=2.66),heuristic_screening,False,SCREENING_ONLY
2026-02-04T14:40:00.000000000,TB12,2.7565,power_output,Statistical anomaly (z=2.76),heuristic_screening,False,SCREENING_ONLY
2026-02-04T14:50:00.000000000,TB12,2.6857,power_output,Statistical anomaly (z=2.69),heuristic_screening,False,SCREENING_ONLY
2026-02-04T15:00:00.000000000,TB12,2.5258,power_output,Statistical anomaly (z=2.53),heuristic_screening,False,SCREENING_ONLY
2026-02-04T15:10:00.000000000,TB12,2.7565,power_output,Statistical anomaly (z=2.76),heuristic_screening,False,SCREENING_ONLY
2026-02-04T15:20:00.000000000,TB12,2.7411,power_output,Statistical anomaly (z=2.74),heuristic_screening,False,SCREENING_ONLY
2026-02-04T15:30:00.000000000,TB12,2.7565,power_output,Statistical anomaly (z=2.76),heuristic_screening,False,SCREENING_ONLY
2026-02-04T15:40:00.000000000,TB12,2.7565,power_output,Statistical anomaly (z=2.76),heuristic_screening,False,SCREENING_ONLY
2026-02-04T15:50:00.000000000,TB12,2.7504,power_output,Statistical anomaly (z=2.75),heuristic_screening,False,SCREENING_ONLY
2026-02-04T16:00:00.000000000,TB12,2.7507,power_output,Statistical anomaly (z=2.75),heuristic_screening,False,SCREENING_ONLY
2026-02-04T16:10:00.000000000,TB12,2.7527,power_output,Statistical anomaly (z=2.75),heuristic_screening,False,SCREENING_ONLY
2026-02-04T16:20:00.000000000,TB12,2.757,power_output,Statistical anomaly (z=2.76),heuristic_screening,False,SCREENING_ONLY
2026-02-04T16:30:00.000000000,TB12,2.7418,power_output,Statistical anomaly (z=2.74),heuristic_screening,False,SCREENING_ONLY
2026-02-04T16:40:00.000000000,TB12,2.7443,power_output,Statistical anomaly (z=2.74),heuristic_screening,False,SCREENING_ONLY
2026-02-04T16:50:00.000000000,TB12,2.7151,power_output,Statistical anomaly (z=2.72),heuristic_screening,False,SCREENING_ONLY
2026-02-04T17:00:00.000000000,TB12,2.757,power_output,Statistical anomaly (z=2.76),heuristic_screening,False,SCREENING_ONLY
2026-02-04T17:10:00.000000000,TB12,2.7452,power_output,Statistical anomaly (z=2.75),heuristic_screening,False,SCREENING_ONLY
2026-02-04T17:20:00.000000000,TB12,2.6226,power_output,Statistical anomaly (z=2.62),heuristic_screening,False,SCREENING_ONLY
2026-02-04T17:30:00.000000000,TB12,2.6048,power_output,Statistical anomaly (z=2.60),heuristic_screening,False,SCREENING_ONLY
2026-02-05T15:10:00.000000000,TB12,2.5364,power_output,Statistical anomaly (z=2.54),heuristic_screening,False,SCREENING_ONLY
2026-02-05T15:20:00.000000000,TB12,2.5475,power_output,Statistical anomaly (z=2.55),heuristic_screening,False,SCREENING_ONLY
2026-02-05T15:30:00.000000000,TB12,2.5179,power_output,Statistical anomaly (z=2.52),heuristic_screening,False,SCREENING_ONLY
2026-02-05T15:40:00.000000000,TB12,2.5351,power_output,Statistical anomaly (z=2.54),heuristic_screening,False,SCREENING_ONLY
2026-02-05T15:50:00.000000000,TB12,2.7439,power_output,Statistical anomaly (z=2.74),heuristic_screening,False,SCREENING_ONLY
2026-02-05T16:00:00.000000000,TB12,2.7294,power_output,Statistical anomaly (z=2.73),heuristic_screening,False,SCREENING_ONLY
2026-02-05T16:10:00.000000000,TB12,2.7559,power_output,Statistical anomaly (z=2.76),heuristic_screening,False,SCREENING_ONLY
2026-02-05T16:20:00.000000000,TB12,2.6821,power_output,Statistical anomaly (z=2.68),heuristic_screening,False,SCREENING_ONLY
2026-02-05T16:30:00.000000000,TB12,2.755,power_output,Statistical anomaly (z=2.76),heuristic_screening,False,SCREENING_ONLY
2026-02-05T16:40:00.000000000,TB12,2.7561,power_output,Statistical anomaly (z=2.76),heuristic_screening,False,SCREENING_ONLY
2026-02-05T16:50:00.000000000,TB12,2.7565,power_output,Statistical anomaly (z=2.76),heuristic_screening,False,SCREENING_ONLY
2026-02-05T17:00:00.000000000,TB12,2.7375,power_output,Statistical anomaly (z=2.74),heuristic_screening,False,SCREENING_ONLY
2026-02-05T17:10:00.000000000,TB12,2.5841,power_output,Statistical anomaly (z=2.58),heuristic_screening,False,SCREENING_ONLY
2026-02-05T17:20:00.000000000,TB12,2.6436,power_output,Statistical anomaly (z=2.64),heuristic_screening,False,SCREENING_ONLY
2026-02-13T15:40:00.000000000,TB12,2.5012,power_output,Statistical anomaly (z=2.50),heuristic_screening,False,SCREENING_ONLY
2026-02-13T16:10:00.000000000,TB12,2.7153,power_output,Statistical anomaly (z=2.72),heuristic_screening,False,SCREENING_ONLY
2026-02-13T16:20:00.000000000,TB12,2.6158,power_output,Statistical anomaly (z=2.62),heuristic_screening,False,SCREENING_ONLY
2026-02-13T16:30:00.000000000,TB12,2.7577,power_output,Statistical anomaly (z=2.76),heuristic_screening,False,SCREENING_ONLY
2026-02-13T16:40:00.000000000,TB12,2.7579,power_output,Statistical anomaly (z=2.76),heuristic_screening,False,SCREENING_ONLY
2026-02-13T16:50:00.000000000,TB12,2.7577,power_output,Statistical anomaly (z=2.76),heuristic_screening,False,SCREENING_ONLY
2026-02-13T17:00:00.000000000,TB12,2.75,power_output,Statistical anomaly (z=2.75),heuristic_screening,False,SCREENING_ONLY
2026-02-13T17:10:00.000000000,TB12,2.7287,power_output,Statistical anomaly (z=2.73),heuristic_screening,False,SCREENING_ONLY
2026-02-15T10:20:00.000000000,TB12,2.6233,power_output,Statistical anomaly (z=2.62),heuristic_screening,False,SCREENING_ONLY
2026-02-15T11:20:00.000000000,TB12,2.757,power_output,Statistical anomaly (z=2.76),heuristic_screening,False,SCREENING_ONLY
2026-02-15T11:40:00.000000000,TB12,2.5009,power_output,Statistical anomaly (z=2.50),heuristic_screening,False,SCREENING_ONLY
2026-02-15T11:50:00.000000000,TB12,2.6968,power_output,Statistical anomaly (z=2.70),heuristic_screening,False,SCREENING_ONLY
2026-02-16T14:40:00.000000000,TB12,2.548,power_output,Statistical anomaly (z=2.55),heuristic_screening,False,SCREENING_ONLY
2026-02-16T15:20:00.000000000,TB12,2.7,power_output,Statistical anomaly (z=2.70),heuristic_screening,False,SCREENING_ONLY
2026-02-16T15:30:00.000000000,TB12,2.5419,power_output,Statistical anomaly (z=2.54),heuristic_screening,False,SCREENING_ONLY
2026-02-16T15:40:00.000000000,TB12,2.5898,power_output,Statistical anomaly (z=2.59),heuristic_screening,False,SCREENING_ONLY
2026-02-16T15:50:00.000000000,TB12,2.7522,power_output,Statistical anomaly (z=2.75),heuristic_screening,False,SCREENING_ONLY
2026-02-16T16:00:00.000000000,TB12,2.7509,power_output,Statistical anomaly (z=2.75),heuristic_screening,False,SCREENING_ONLY
2026-02-16T16:10:00.000000000,TB12,2.7577,power_output,Statistical anomaly (z=2.76),heuristic_screening,False,SCREENING_ONLY
2026-02-16T16:20:00.000000000,TB12,2.7577,power_output,Statistical anomaly (z=2.76),heuristic_screening,False,SCREENING_ONLY
2026-02-16T16:30:00.000000000,TB12,2.7574,power_output,Statistical anomaly (z=2.76),heuristic_screening,False,SCREENING_ONLY
2026-02-16T16:40:00.000000000,TB12,2.7522,power_output,Statistical anomaly (z=2.75),heuristic_screening,False,SCREENING_ONLY
2026-02-16T16:50:00.000000000,TB12,2.7586,power_output,Statistical anomaly (z=2.76),heuristic_screening,False,SCREENING_ONLY
2026-02-16T17:00:00.000000000,TB12,2.7561,power_output,Statistical anomaly (z=2.76),heuristic_screening,False,SCREENING_ONLY
2026-02-16T17:10:00.000000000,TB12,2.7579,power_output,Statistical anomaly (z=2.76),heuristic_screening,False,SCREENING_ONLY
2026-02-16T17:20:00.000000000,TB12,2.7577,power_output,Statistical anomaly (z=2.76),heuristic_screening,False,SCREENING_ONLY
2026-02-16T17:30:00.000000000,TB12,2.7577,power_output,Statistical anomaly (z=2.76),heuristic_screening,False,SCREENING_ONLY
2026-02-16T17:40:00.000000000,TB12,2.7583,power_output,Statistical anomaly (z=2.76),heuristic_screening,False,SCREENING_ONLY
2026-02-16T17:50:00.000000000,TB12,2.6545,power_output,Statistical anomaly (z=2.65),heuristic_screening,False,SCREENING_ONLY
2026-02-16T18:50:00.000000000,TB12,2.712,power_output,Statistical anomaly (z=2.71),heuristic_screening,False,SCREENING_ONLY
2026-02-16T19:00:00.000000000,TB12,2.5986,power_output,Statistical anomaly (z=2.60),heuristic_screening,False,SCREENING_ONLY
2026-02-17T15:40:00.000000000,TB12,2.6238,power_output,Statistical anomaly (z=2.62),heuristic_screening,False,SCREENING_ONLY
2026-02-17T15:50:00.000000000,TB12,2.6941,power_output,Statistical anomaly (z=2.69),heuristic_screening,False,SCREENING_ONLY
2026-02-17T16:00:00.000000000,TB12,2.7577,power_output,Statistical anomaly (z=2.76),heuristic_screening,False,SCREENING_ONLY
2026-02-17T16:10:00.000000000,TB12,2.7579,power_output,Statistical anomaly (z=2.76),heuristic_screening,False,SCREENING_ONLY
2026-02-17T16:20:00.000000000,TB12,2.7579,power_output,Statistical anomaly (z=2.76),heuristic_screening,False,SCREENING_ONLY
2026-02-17T16:30:00.000000000,TB12,2.7577,power_output,Statistical anomaly (z=2.76),heuristic_screening,False,SCREENING_ONLY
2026-02-17T16:40:00.000000000,TB12,2.7583,power_output,Statistical anomaly (z=2.76),heuristic_screening,False,SCREENING_ONLY
2026-02-17T16:50:00.000000000,TB12,2.7577,power_output,Statistical anomaly (z=2.76),heuristic_screening,False,SCREENING_ONLY
2026-02-17T17:00:00.000000000,TB12,2.7536,power_output,Statistical anomaly (z=2.75),heuristic_screening,False,SCREENING_ONLY
2026-02-17T17:10:00.000000000,TB12,2.7574,power_output,Statistical anomaly (z=2.76),heuristic_screening,False,SCREENING_ONLY
2026-02-17T17:20:00.000000000,TB12,2.519,power_output,Statistical anomaly (z=2.52),heuristic_screening,False,SCREENING_ONLY
2026-02-17T18:00:00.000000000,TB12,2.7579,power_output,Statistical anomaly (z=2.76),heuristic_screening,False,SCREENING_ONLY
2026-02-17T18:10:00.000000000,TB12,2.7592,power_output,Statistical anomaly (z=2.76),heuristic_screening,False,SCREENING_ONLY
2026-02-17T18:20:00.000000000,TB12,2.7577,power_output,Statistical anomaly (z=2.76),heuristic_screening,False,SCREENING_ONLY
2026-02-17T18:30:00.000000000,TB12,2.7576,power_output,Statistical anomaly (z=2.76),heuristic_screening,False,SCREENING_ONLY
2026-02-17T18:40:00.000000000,TB12,2.7024,power_output,Statistical anomaly (z=2.70),heuristic_screening,False,SCREENING_ONLY
2026-02-17T18:50:00.000000000,TB12,2.757,power_output,Statistical anomaly (z=2.76),heuristic_screening,False,SCREENING_ONLY
2026-02-17T19:00:00.000000000,TB12,2.7577,power_output,Statistical anomaly (z=2.76),heuristic_screening,False,SCREENING_ONLY
2026-02-17T19:10:00.000000000,TB12,2.5968,power_output,Statistical anomaly (z=2.60),heuristic_screening,False,SCREENING_ONLY
2026-02-17T19:40:00.000000000,TB12,2.6418,power_output,Statistical anomaly (z=2.64),heuristic_screening,False,SCREENING_ONLY
2026-02-17T19:50:00.000000000,TB12,2.623,power_output,Statistical anomaly (z=2.62),heuristic_screening,False,SCREENING_ONLY
2026-02-18T08:00:00.000000000,TB12,2.7067,power_output,Statistical anomaly (z=2.71),heuristic_screening,False,SCREENING_ONLY
2026-02-18T08:10:00.000000000,TB12,2.7285,power_output,Statistical anomaly (z=2.73),heuristic_screening,False,SCREENING_ONLY
2026-02-18T08:30:00.000000000,TB12,2.709,power_output,Statistical anomaly (z=2.71),heuristic_screening,False,SCREENING_ONLY
2026-02-18T08:40:00.000000000,TB12,2.6283,power_output,Statistical anomaly (z=2.63),heuristic_screening,False,SCREENING_ONLY
2026-02-18T09:00:00.000000000,TB12,2.6303,power_output,Statistical anomaly (z=2.63),heuristic_screening,False,SCREENING_ONLY
2026-02-18T09:10:00.000000000,TB12,2.5321,power_output,Statistical anomaly (z=2.53),heuristic_screening,False,SCREENING_ONLY
2026-02-18T14:20:00.000000000,TB12,2.5538,power_output,Statistical anomaly (z=2.55),heuristic_screening,False,SCREENING_ONLY
2026-02-18T14:30:00.000000000,TB12,2.6993,power_output,Statistical anomaly (z=2.70),heuristic_screening,False,SCREENING_ONLY
2026-02-18T14:40:00.000000000,TB12,2.7421,power_output,Statistical anomaly (z=2.74),heuristic_screening,False,SCREENING_ONLY
2026-02-18T14:50:00.000000000,TB12,2.7579,power_output,Statistical anomaly (z=2.76),heuristic_screening,False,SCREENING_ONLY
2026-02-18T15:00:00.000000000,TB12,2.7579,power_output,Statistical anomaly (z=2.76),heuristic_screening,False,SCREENING_ONLY
2026-02-18T15:10:00.000000000,TB12,2.7576,power_output,Statistical anomaly (z=2.76),heuristic_screening,False,SCREENING_ONLY
2026-02-18T15:20:00.000000000,TB12,2.7579,power_output,Statistical anomaly (z=2.76),heuristic_screening,False,SCREENING_ONLY
2026-02-18T15:30:00.000000000,TB12,2.7567,power_output,Statistical anomaly (z=2.76),heuristic_screening,False,SCREENING_ONLY
2026-02-18T15:40:00.000000000,TB12,2.7579,power_output,Statistical anomaly (z=2.76),heuristic_screening,False,SCREENING_ONLY
2026-02-18T15:50:00.000000000,TB12,2.7577,power_output,Statistical anomaly (z=2.76),heuristic_screening,False,SCREENING_ONLY
2026-02-18T16:00:00.000000000,TB12,2.7577,power_output,Statistical anomaly (z=2.76),heuristic_screening,False,SCREENING_ONLY
2026-02-18T16:10:00.000000000,TB12,2.7577,power_output,Statistical anomaly (z=2.76),heuristic_screening,False,SCREENING_ONLY
2026-02-18T16:20:00.000000000,TB12,2.7577,power_output,Statistical anomaly (z=2.76),heuristic_screening,False,SCREENING_ONLY
2026-02-18T16:30:00.000000000,TB12,2.7577,power_output,Statistical anomaly (z=2.76),heuristic_screening,False,SCREENING_ONLY
2026-02-18T16:40:00.000000000,TB12,2.7287,power_output,Statistical anomaly (z=2.73),heuristic_screening,False,SCREENING_ONLY
2026-02-18T16:50:00.000000000,TB12,2.7579,power_output,Statistical anomaly (z=2.76),heuristic_screening,False,SCREENING_ONLY
2026-02-18T17:00:00.000000000,TB12,2.7567,power_output,Statistical anomaly (z=2.76),heuristic_screening,False,SCREENING_ONLY
2026-02-18T17:10:00.000000000,TB12,2.759,power_output,Statistical anomaly (z=2.76),heuristic_screening,False,SCREENING_ONLY
2026-02-18T17:20:00.000000000,TB12,2.7577,power_output,Statistical anomaly (z=2.76),heuristic_screening,False,SCREENING_ONLY
2026-02-18T17:30:00.000000000,TB12,2.7577,power_output,Statistical anomaly (z=2.76),heuristic_screening,False,SCREENING_ONLY
2026-02-18T17:40:00.000000000,TB12,2.7452,power_output,Statistical anomaly (z=2.75),heuristic_screening,False,SCREENING_ONLY
2026-02-18T17:50:00.000000000,TB12,2.7576,power_output,Statistical anomaly (z=2.76),heuristic_screening,False,SCREENING_ONLY
2026-02-18T18:00:00.000000000,TB12,2.7291,power_output,Statistical anomaly (z=2.73),heuristic_screening,False,SCREENING_ONLY
2026-02-18T18:10:00.000000000,TB12,2.7577,power_output,Statistical anomaly (z=2.76),heuristic_screening,False,SCREENING_ONLY
2026-02-18T18:20:00.000000000,TB12,2.7561,power_output,Statistical anomaly (z=2.76),heuristic_screening,False,SCREENING_ONLY
2026-02-18T18:30:00.000000000,TB12,2.7463,power_output,Statistical anomaly (z=2.75),heuristic_screening,False,SCREENING_ONLY
2026-02-18T18:40:00.000000000,TB12,2.7222,power_output,Statistical anomaly (z=2.72),heuristic_screening,False,SCREENING_ONLY
2026-02-18T18:50:00.000000000,TB12,2.7567,power_output,Statistical anomaly (z=2.76),heuristic_screening,False,SCREENING_ONLY
2026-02-18T19:00:00.000000000,TB12,2.7567,power_output,Statistical anomaly (z=2.76),heuristic_screening,False,SCREENING_ONLY
2026-02-18T19:10:00.000000000,TB12,2.6948,power_output,Statistical anomaly (z=2.69),heuristic_screening,False,SCREENING_ONLY
2026-02-18T19:20:00.000000000,TB12,2.7556,power_output,Statistical anomaly (z=2.76),heuristic_screening,False,SCREENING_ONLY
2026-02-18T19:30:00.000000000,TB12,2.7131,power_output,Statistical anomaly (z=2.71),heuristic_screening,False,SCREENING_ONLY
2026-02-18T19:50:00.000000000,TB12,2.5808,power_output,Statistical anomaly (z=2.58),heuristic_screening,False,SCREENING_ONLY
2026-02-18T20:00:00.000000000,TB12,2.5841,power_output,Statistical anomaly (z=2.58),heuristic_screening,False,SCREENING_ONLY
2026-02-18T20:10:00.000000000,TB12,2.7377,power_output,Statistical anomaly (z=2.74),heuristic_screening,False,SCREENING_ONLY
2026-02-18T20:20:00.000000000,TB12,2.7326,power_output,Statistical anomaly (z=2.73),heuristic_screening,False,SCREENING_ONLY
2026-02-18T21:10:00.000000000,TB12,2.6271,power_output,Statistical anomaly (z=2.63),heuristic_screening,False,SCREENING_ONLY
2026-02-18T21:20:00.000000000,TB12,2.7445,power_output,Statistical anomaly (z=2.74),heuristic_screening,False,SCREENING_ONLY
2026-02-18T21:30:00.000000000,TB12,2.7246,power_output,Statistical anomaly (z=2.72),heuristic_screening,False,SCREENING_ONLY
2026-02-18T21:40:00.000000000,TB12,2.6869,power_output,Statistical anomaly (z=2.69),heuristic_screening,False,SCREENING_ONLY
2026-02-18T21:50:00.000000000,TB12,2.7547,power_output,Statistical anomaly (z=2.75),heuristic_screening,False,SCREENING_ONLY
2026-02-18T22:00:00.000000000,TB12,2.7577,power_output,Statistical anomaly (z=2.76),heuristic_screening,False,SCREENING_ONLY
2026-02-18T22:10:00.000000000,TB12,2.7577,power_output,Statistical anomaly (z=2.76),heuristic_screening,False,SCREENING_ONLY
2026-02-18T22:20:00.000000000,TB12,2.5486,power_output,Statistical anomaly (z=2.55),heuristic_screening,False,SCREENING_ONLY
2026-02-18T22:30:00.000000000,TB12,2.5781,power_output,Statistical anomaly (z=2.58),heuristic_screening,False,SCREENING_ONLY
2026-02-18T22:40:00.000000000,TB12,2.6617,power_output,Statistical anomaly (z=2.66),heuristic_screening,False,SCREENING_ONLY
2026-02-18T22:50:00.000000000,TB12,2.7126,power_output,Statistical anomaly (z=2.71),heuristic_screening,False,SCREENING_ONLY
2026-02-18T23:00:00.000000000,TB12,2.6652,power_output,Statistical anomaly (z=2.67),heuristic_screening,False,SCREENING_ONLY
2026-02-18T23:10:00.000000000,TB12,2.7586,power_output,Statistical anomaly (z=2.76),heuristic_screening,False,SCREENING_ONLY
2026-02-18T23:20:00.000000000,TB12,2.6866,power_output,Statistical anomaly (z=2.69),heuristic_screening,False,SCREENING_ONLY
2026-02-18T23:30:00.000000000,TB12,2.5927,power_output,Statistical anomaly (z=2.59),heuristic_screening,False,SCREENING_ONLY
2026-02-18T23:40:00.000000000,TB12,2.7577,power_output,Statistical anomaly (z=2.76),heuristic_screening,False,SCREENING_ONLY
2026-02-18T23:50:00.000000000,TB12,2.7447,power_output,Statistical anomaly (z=2.74),heuristic_screening,False,SCREENING_ONLY
2026-02-19T00:00:00.000000000,TB12,2.7542,power_output,Statistical anomaly (z=2.75),heuristic_screening,False,SCREENING_ONLY
2026-02-19T00:10:00.000000000,TB12,2.7565,power_output,Statistical anomaly (z=2.76),heuristic_screening,False,SCREENING_ONLY
2026-02-19T00:20:00.000000000,TB12,2.6959,power_output,Statistical anomaly (z=2.70),heuristic_screening,False,SCREENING_ONLY
2026-02-19T00:30:00.000000000,TB12,2.7475,power_output,Statistical anomaly (z=2.75),heuristic_screening,False,SCREENING_ONLY
2026-02-19T00:40:00.000000000,TB12,2.7577,power_output,Statistical anomaly (z=2.76),heuristic_screening,False,SCREENING_ONLY
2026-02-19T15:10:00.000000000,TB12,2.5484,power_output,Statistical anomaly (z=2.55),heuristic_screening,False,SCREENING_ONLY
2026-02-19T15:20:00.000000000,TB12,2.5111,power_output,Statistical anomaly (z=2.51),heuristic_screening,False,SCREENING_ONLY
2026-02-19T16:40:00.000000000,TB12,2.7041,power_output,Statistical anomaly (z=2.70),heuristic_screening,False,SCREENING_ONLY
2026-02-19T17:20:00.000000000,TB12,2.7504,power_output,Statistical anomaly (z=2.75),heuristic_screening,False,SCREENING_ONLY
2026-02-19T17:30:00.000000000,TB12,2.5242,power_output,Statistical anomaly (z=2.52),heuristic_screening,False,SCREENING_ONLY
2026-02-19T17:50:00.000000000,TB12,2.7576,power_output,Statistical anomaly (z=2.76),heuristic_screening,False,SCREENING_ONLY
2026-02-19T18:00:00.000000000,TB12,2.6934,power_output,Statistical anomaly (z=2.69),heuristic_screening,False,SCREENING_ONLY
2026-02-19T18:10:00.000000000,TB12,2.6844,power_output,Statistical anomaly (z=2.68),heuristic_screening,False,SCREENING_ONLY
2026-02-19T18:20:00.000000000,TB12,2.6825,power_output,Statistical anomaly (z=2.68),heuristic_screening,False,SCREENING_ONLY
2026-02-19T18:30:00.000000000,TB12,2.6713,power_output,Statistical anomaly (z=2.67),heuristic_screening,False,SCREENING_ONLY
2026-02-19T18:40:00.000000000,TB12,2.6052,power_output,Statistical anomaly (z=2.61),heuristic_screening,False,SCREENING_ONLY
2026-02-19T20:10:00.000000000,TB12,2.6174,power_output,Statistical anomaly (z=2.62),heuristic_screening,False,SCREENING_ONLY
2026-02-20T14:10:00.000000000,TB12,2.541,power_output,Statistical anomaly (z=2.54),heuristic_screening,False,SCREENING_ONLY
2026-02-20T14:20:00.000000000,TB12,2.6812,power_output,Statistical anomaly (z=2.68),heuristic_screening,False,SCREENING_ONLY
2026-02-20T14:30:00.000000000,TB12,2.547,power_output,Statistical anomaly (z=2.55),heuristic_screening,False,SCREENING_ONLY
2026-02-20T14:40:00.000000000,TB12,2.7461,power_output,Statistical anomaly (z=2.75),heuristic_screening,False,SCREENING_ONLY
2026-02-20T14:50:00.000000000,TB12,2.6362,power_output,Statistical anomaly (z=2.64),heuristic_screening,False,SCREENING_ONLY
2026-02-20T15:20:00.000000000,TB12,2.7602,power_output,Statistical anomaly (z=2.76),heuristic_screening,False,SCREENING_ONLY
2026-02-20T15:30:00.000000000,TB12,2.7525,power_output,Statistical anomaly (z=2.75),heuristic_screening,False,SCREENING_ONLY
2026-02-20T15:40:00.000000000,TB12,2.7576,power_output,Statistical anomaly (z=2.76),heuristic_screening,False,SCREENING_ONLY
2026-02-20T15:50:00.000000000,TB12,2.7484,power_output,Statistical anomaly (z=2.75),heuristic_screening,False,SCREENING_ONLY
2026-02-20T16:00:00.000000000,TB12,2.7586,power_output,Statistical anomaly (z=2.76),heuristic_screening,False,SCREENING_ONLY
2026-02-20T16:10:00.000000000,TB12,2.7102,power_output,Statistical anomaly (z=2.71),heuristic_screening,False,SCREENING_ONLY
2026-02-20T16:20:00.000000000,TB12,2.657,power_output,Statistical anomaly (z=2.66),heuristic_screening,False,SCREENING_ONLY
2026-02-23T15:00:00.000000000,TB12,2.5832,power_output,Statistical anomaly (z=2.58),heuristic_screening,False,SCREENING_ONLY
2026-02-23T15:10:00.000000000,TB12,2.5891,power_output,Statistical anomaly (z=2.59),heuristic_screening,False,SCREENING_ONLY
2026-02-23T16:00:00.000000000,TB12,2.6108,power_output,Statistical anomaly (z=2.61),heuristic_screening,False,SCREENING_ONLY
2026-02-23T16:10:00.000000000,TB12,2.7106,power_output,Statistical anomaly (z=2.71),heuristic_screening,False,SCREENING_ONLY
2026-02-23T16:20:00.000000000,TB12,2.5448,power_output,Statistical anomaly (z=2.54),heuristic_screening,False,SCREENING_ONLY
2026-02-23T16:30:00.000000000,TB12,2.6665,power_output,Statistical anomaly (z=2.67),heuristic_screening,False,SCREENING_ONLY
2026-02-24T16:40:00.000000000,TB12,2.5054,power_output,Statistical anomaly (z=2.51),heuristic_screening,False,SCREENING_ONLY
2026-02-25T16:40:00.000000000,TB12,2.6936,power_output,Statistical anomaly (z=2.69),heuristic_screening,False,SCREENING_ONLY
2026-02-25T16:50:00.000000000,TB12,2.7086,power_output,Statistical anomaly (z=2.71),heuristic_screening,False,SCREENING_ONLY
2026-03-01T22:50:00.000000000,TB12,2.6398,power_output,Statistical anomaly (z=2.64),heuristic_screening,False,SCREENING_ONLY
2026-03-01T23:40:00.000000000,TB12,2.6909,power_output,Statistical anomaly (z=2.69),heuristic_screening,False,SCREENING_ONLY
2026-03-02T03:40:00.000000000,TB12,2.7567,power_output,Statistical anomaly (z=2.76),heuristic_screening,False,SCREENING_ONLY
2026-03-02T03:50:00.000000000,TB12,2.6739,power_output,Statistical anomaly (z=2.67),heuristic_screening,False,SCREENING_ONLY
2026-03-02T04:40:00.000000000,TB12,2.5658,power_output,Statistical anomaly (z=2.57),heuristic_screening,False,SCREENING_ONLY
2026-03-02T04:50:00.000000000,TB12,2.7576,power_output,Statistical anomaly (z=2.76),heuristic_screening,False,SCREENING_ONLY
2026-03-02T06:20:00.000000000,TB12,2.7414,power_output,Statistical anomaly (z=2.74),heuristic_screening,False,SCREENING_ONLY
2026-03-02T06:50:00.000000000,TB12,2.5036,power_output,Statistical anomaly (z=2.50),heuristic_screening,False,SCREENING_ONLY
2026-03-02T07:00:00.000000000,TB12,2.745,power_output,Statistical anomaly (z=2.75),heuristic_screening,False,SCREENING_ONLY
2026-03-02T07:10:00.000000000,TB12,2.7577,power_output,Statistical anomaly (z=2.76),heuristic_screening,False,SCREENING_ONLY
2026-03-02T07:20:00.000000000,TB12,2.7577,power_output,Statistical anomaly (z=2.76),heuristic_screening,False,SCREENING_ONLY
2026-03-02T07:30:00.000000000,TB12,2.7577,power_output,Statistical anomaly (z=2.76),heuristic_screening,False,SCREENING_ONLY
2026-03-02T07:40:00.000000000,TB12,2.7579,power_output,Statistical anomaly (z=2.76),heuristic_screening,False,SCREENING_ONLY
2026-03-02T07:50:00.000000000,TB12,2.7583,power_output,Statistical anomaly (z=2.76),heuristic_screening,False,SCREENING_ONLY
2026-03-02T08:00:00.000000000,TB12,2.7577,power_output,Statistical anomaly (z=2.76),heuristic_screening,False,SCREENING_ONLY
2026-03-02T08:10:00.000000000,TB12,2.6841,power_output,Statistical anomaly (z=2.68),heuristic_screening,False,SCREENING_ONLY
2026-03-02T08:20:00.000000000,TB12,2.7506,power_output,Statistical anomaly (z=2.75),heuristic_screening,False,SCREENING_ONLY
2026-03-02T08:30:00.000000000,TB12,2.7577,power_output,Statistical anomaly (z=2.76),heuristic_screening,False,SCREENING_ONLY
2026-03-02T08:40:00.000000000,TB12,2.7233,power_output,Statistical anomaly (z=2.72),heuristic_screening,False,SCREENING_ONLY
2026-03-02T08:50:00.000000000,TB12,2.7595,power_output,Statistical anomaly (z=2.76),heuristic_screening,False,SCREENING_ONLY
2026-03-02T09:00:00.000000000,TB12,2.7576,power_output,Statistical anomaly (z=2.76),heuristic_screening,False,SCREENING_ONLY
2026-03-02T09:10:00.000000000,TB12,2.7319,power_output,Statistical anomaly (z=2.73),heuristic_screening,False,SCREENING_ONLY
2026-03-02T09:20:00.000000000,TB12,2.757,power_output,Statistical anomaly (z=2.76),heuristic_screening,False,SCREENING_ONLY
2026-03-02T09:30:00.000000000,TB12,2.6498,power_output,Statistical anomaly (z=2.65),heuristic_screening,False,SCREENING_ONLY
2026-03-02T09:40:00.000000000,TB12,2.7271,power_output,Statistical anomaly (z=2.73),heuristic_screening,False,SCREENING_ONLY
2026-03-02T09:50:00.000000000,TB12,2.7579,power_output,Statistical anomaly (z=2.76),heuristic_screening,False,SCREENING_ONLY
2026-03-02T10:00:00.000000000,TB12,2.7577,power_output,Statistical anomaly (z=2.76),heuristic_screening,False,SCREENING_ONLY
2026-03-02T10:10:00.000000000,TB12,2.7581,power_output,Statistical anomaly (z=2.76),heuristic_screening,False,SCREENING_ONLY
2026-03-02T10:20:00.000000000,TB12,2.7585,power_output,Statistical anomaly (z=2.76),heuristic_screening,False,SCREENING_ONLY
2026-03-02T10:30:00.000000000,TB12,2.7574,power_output,Statistical anomaly (z=2.76),heuristic_screening,False,SCREENING_ONLY
2026-03-02T10:40:00.000000000,TB12,2.7576,power_output,Statistical anomaly (z=2.76),heuristic_screening,False,SCREENING_ONLY
2026-03-02T10:50:00.000000000,TB12,2.7536,power_output,Statistical anomaly (z=2.75),heuristic_screening,False,SCREENING_ONLY
2026-03-02T11:00:00.000000000,TB12,2.7233,power_output,Statistical anomaly (z=2.72),heuristic_screening,False,SCREENING_ONLY
2026-03-02T11:10:00.000000000,TB12,2.7579,power_output,Statistical anomaly (z=2.76),heuristic_screening,False,SCREENING_ONLY
2026-03-02T11:20:00.000000000,TB12,2.7577,power_output,Statistical anomaly (z=2.76),heuristic_screening,False,SCREENING_ONLY
2026-03-02T11:30:00.000000000,TB12,2.7577,power_output,Statistical anomaly (z=2.76),heuristic_screening,False,SCREENING_ONLY
2026-03-02T11:40:00.000000000,TB12,2.7574,power_output,Statistical anomaly (z=2.76),heuristic_screening,False,SCREENING_ONLY
2026-03-02T11:50:00.000000000,TB12,2.7377,power_output,Statistical anomaly (z=2.74),heuristic_screening,False,SCREENING_ONLY
2026-03-02T12:00:00.000000000,TB12,2.7579,power_output,Statistical anomaly (z=2.76),heuristic_screening,False,SCREENING_ONLY
2026-03-02T12:10:00.000000000,TB12,2.7577,power_output,Statistical anomaly (z=2.76),heuristic_screening,False,SCREENING_ONLY
2026-03-02T12:20:00.000000000,TB12,2.7581,power_output,Statistical anomaly (z=2.76),heuristic_screening,False,SCREENING_ONLY
2026-03-02T12:30:00.000000000,TB12,2.757,power_output,Statistical anomaly (z=2.76),heuristic_screening,False,SCREENING_ONLY
2026-03-02T12:40:00.000000000,TB12,2.7583,power_output,Statistical anomaly (z=2.76),heuristic_screening,False,SCREENING_ONLY
2026-03-02T12:50:00.000000000,TB12,2.7577,power_output,Statistical anomaly (z=2.76),heuristic_screening,False,SCREENING_ONLY
2026-03-02T13:00:00.000000000,TB12,2.7577,power_output,Statistical anomaly (z=2.76),heuristic_screening,False,SCREENING_ONLY
2026-03-02T13:10:00.000000000,TB12,2.7577,power_output,Statistical anomaly (z=2.76),heuristic_screening,False,SCREENING_ONLY
2026-03-02T13:20:00.000000000,TB12,2.7577,power_output,Statistical anomaly (z=2.76),heuristic_screening,False,SCREENING_ONLY
2026-03-02T13:30:00.000000000,TB12,2.7577,power_output,Statistical anomaly (z=2.76),heuristic_screening,False,SCREENING_ONLY
2026-03-02T13:40:00.000000000,TB12,2.7577,power_output,Statistical anomaly (z=2.76),heuristic_screening,False,SCREENING_ONLY
2026-03-02T13:50:00.000000000,TB12,2.7579,power_output,Statistical anomaly (z=2.76),heuristic_screening,False,SCREENING_ONLY
2026-03-02T14:00:00.000000000,TB12,2.7577,power_output,Statistical anomaly (z=2.76),heuristic_screening,False,SCREENING_ONLY
2026-03-02T14:10:00.000000000,TB12,2.7577,power_output,Statistical anomaly (z=2.76),heuristic_screening,False,SCREENING_ONLY
2026-03-02T14:20:00.000000000,TB12,2.7509,power_output,Statistical anomaly (z=2.75),heuristic_screening,False,SCREENING_ONLY
2026-03-02T14:30:00.000000000,TB12,2.6507,power_output,Statistical anomaly (z=2.65),heuristic_screening,False,SCREENING_ONLY
2026-03-02T14:40:00.000000000,TB12,2.7577,power_output,Statistical anomaly (z=2.76),heuristic_screening,False,SCREENING_ONLY
2026-03-02T14:50:00.000000000,TB12,2.7576,power_output,Statistical anomaly (z=2.76),heuristic_screening,False,SCREENING_ONLY
2026-03-02T15:00:00.000000000,TB12,2.7434,power_output,Statistical anomaly (z=2.74),heuristic_screening,False,SCREENING_ONLY
2026-03-02T15:10:00.000000000,TB12,2.7586,power_output,Statistical anomaly (z=2.76),heuristic_screening,False,SCREENING_ONLY
2026-03-02T15:20:00.000000000,TB12,2.7577,power_output,Statistical anomaly (z=2.76),heuristic_screening,False,SCREENING_ONLY
2026-03-02T15:30:00.000000000,TB12,2.6816,power_output,Statistical anomaly (z=2.68),heuristic_screening,False,SCREENING_ONLY
2026-03-02T15:40:00.000000000,TB12,2.7163,power_output,Statistical anomaly (z=2.72),heuristic_screening,False,SCREENING_ONLY
2026-03-02T15:50:00.000000000,TB12,2.7545,power_output,Statistical anomaly (z=2.75),heuristic_screening,False,SCREENING_ONLY
2026-03-02T16:00:00.000000000,TB12,2.5615,power_output,Statistical anomaly (z=2.56),heuristic_screening,False,SCREENING_ONLY
2026-03-02T16:10:00.000000000,TB12,2.6685,power_output,Statistical anomaly (z=2.67),heuristic_screening,False,SCREENING_ONLY
2026-03-02T16:20:00.000000000,TB12,2.7439,power_output,Statistical anomaly (z=2.74),heuristic_screening,False,SCREENING_ONLY
2026-03-02T16:30:00.000000000,TB12,2.7016,power_output,Statistical anomaly (z=2.70),heuristic_screening,False,SCREENING_ONLY
2026-03-02T16:40:00.000000000,TB12,2.7375,power_output,Statistical anomaly (z=2.74),heuristic_screening,False,SCREENING_ONLY
2026-03-02T16:50:00.000000000,TB12,2.7004,power_output,Statistical anomaly (z=2.70),heuristic_screening,False,SCREENING_ONLY
2026-03-02T17:00:00.000000000,TB12,2.7577,power_output,Statistical anomaly (z=2.76),heuristic_screening,False,SCREENING_ONLY
2026-03-02T17:10:00.000000000,TB12,2.7545,power_output,Statistical anomaly (z=2.75),heuristic_screening,False,SCREENING_ONLY
2026-03-02T17:20:00.000000000,TB12,2.674,power_output,Statistical anomaly (z=2.67),heuristic_screening,False,SCREENING_ONLY
2026-03-02T17:50:00.000000000,TB12,2.5676,power_output,Statistical anomaly (z=2.57),heuristic_screening,False,SCREENING_ONLY
2026-03-06T14:10:00.000000000,TB12,2.5692,power_output,Statistical anomaly (z=2.57),heuristic_screening,False,SCREENING_ONLY
2026-03-06T19:40:00.000000000,TB12,2.5505,power_output,Statistical anomaly (z=2.55),heuristic_screening,False,SCREENING_ONLY
2026-03-06T21:20:00.000000000,TB12,2.633,power_output,Statistical anomaly (z=2.63),heuristic_screening,False,SCREENING_ONLY
2026-03-06T21:30:00.000000000,TB12,2.6514,power_output,Statistical anomaly (z=2.65),heuristic_screening,False,SCREENING_ONLY
2026-03-13T01:50:00.000000000,TB12,2.512,power_output,Statistical anomaly (z=2.51),heuristic_screening,False,SCREENING_ONLY
2026-03-13T02:00:00.000000000,TB12,2.6929,power_output,Statistical anomaly (z=2.69),heuristic_screening,False,SCREENING_ONLY
2026-03-13T02:10:00.000000000,TB12,2.7054,power_output,Statistical anomaly (z=2.71),heuristic_screening,False,SCREENING_ONLY
2026-03-13T02:30:00.000000000,TB12,2.6688,power_output,Statistical anomaly (z=2.67),heuristic_screening,False,SCREENING_ONLY
2026-03-13T05:20:00.000000000,TB12,2.6289,power_output,Statistical anomaly (z=2.63),heuristic_screening,False,SCREENING_ONLY
2026-03-13T11:20:00.000000000,TB12,2.7436,power_output,Statistical anomaly (z=2.74),heuristic_screening,False,SCREENING_ONLY
2026-03-13T11:30:00.000000000,TB12,2.5817,power_output,Statistical anomaly (z=2.58),heuristic_screening,False,SCREENING_ONLY
2026-03-13T11:40:00.000000000,TB12,2.724,power_output,Statistical anomaly (z=2.72),heuristic_screening,False,SCREENING_ONLY
2026-03-13T11:50:00.000000000,TB12,2.5188,power_output,Statistical anomaly (z=2.52),heuristic_screening,False,SCREENING_ONLY
2026-03-13T12:10:00.000000000,TB12,2.6419,power_output,Statistical anomaly (z=2.64),heuristic_screening,False,SCREENING_ONLY
2026-03-13T12:40:00.000000000,TB12,2.7577,power_output,Statistical anomaly (z=2.76),heuristic_screening,False,SCREENING_ONLY
2026-03-13T12:50:00.000000000,TB12,2.7577,power_output,Statistical anomaly (z=2.76),heuristic_screening,False,SCREENING_ONLY
2026-03-13T13:00:00.000000000,TB12,2.7441,power_output,Statistical anomaly (z=2.74),heuristic_screening,False,SCREENING_ONLY
2026-03-13T13:10:00.000000000,TB12,2.7179,power_output,Statistical anomaly (z=2.72),heuristic_screening,False,SCREENING_ONLY
2026-03-13T13:20:00.000000000,TB12,2.6373,power_output,Statistical anomaly (z=2.64),heuristic_screening,False,SCREENING_ONLY
2026-03-13T13:30:00.000000000,TB12,2.5842,power_output,Statistical anomaly (z=2.58),heuristic_screening,False,SCREENING_ONLY
2026-03-13T13:40:00.000000000,TB12,2.5934,power_output,Statistical anomaly (z=2.59),heuristic_screening,False,SCREENING_ONLY
2026-03-13T13:50:00.000000000,TB12,2.5686,power_output,Statistical anomaly (z=2.57),heuristic_screening,False,SCREENING_ONLY
2026-03-13T14:00:00.000000000,TB12,2.752,power_output,Statistical anomaly (z=2.75),heuristic_screening,False,SCREENING_ONLY
2026-03-13T14:10:00.000000000,TB12,2.5943,power_output,Statistical anomaly (z=2.59),heuristic_screening,False,SCREENING_ONLY
2026-03-13T14:20:00.000000000,TB12,2.5728,power_output,Statistical anomaly (z=2.57),heuristic_screening,False,SCREENING_ONLY
2026-03-13T14:30:00.000000000,TB12,2.5179,power_output,Statistical anomaly (z=2.52),heuristic_screening,False,SCREENING_ONLY
2026-03-13T14:40:00.000000000,TB12,2.616,power_output,Statistical anomaly (z=2.62),heuristic_screening,False,SCREENING_ONLY
2026-03-13T14:50:00.000000000,TB12,2.7221,power_output,Statistical anomaly (z=2.72),heuristic_screening,False,SCREENING_ONLY
2026-03-13T15:00:00.000000000,TB12,2.7577,power_output,Statistical anomaly (z=2.76),heuristic_screening,False,SCREENING_ONLY
2026-03-13T15:10:00.000000000,TB12,2.5016,power_output,Statistical anomaly (z=2.50),heuristic_screening,False,SCREENING_ONLY
2026-03-13T15:20:00.000000000,TB12,2.7577,power_output,Statistical anomaly (z=2.76),heuristic_screening,False,SCREENING_ONLY
2026-03-13T15:30:00.000000000,TB12,2.7579,power_output,Statistical anomaly (z=2.76),heuristic_screening,False,SCREENING_ONLY
2026-03-13T15:40:00.000000000,TB12,2.7002,power_output,Statistical anomaly (z=2.70),heuristic_screening,False,SCREENING_ONLY
2026-03-13T15:50:00.000000000,TB12,2.749,power_output,Statistical anomaly (z=2.75),heuristic_screening,False,SCREENING_ONLY
2026-03-13T16:00:00.000000000,TB12,2.7568,power_output,Statistical anomaly (z=2.76),heuristic_screening,False,SCREENING_ONLY
2026-03-13T16:10:00.000000000,TB12,2.7576,power_output,Statistical anomaly (z=2.76),heuristic_screening,False,SCREENING_ONLY
2026-03-13T16:20:00.000000000,TB12,2.7542,power_output,Statistical anomaly (z=2.75),heuristic_screening,False,SCREENING_ONLY
2026-03-13T16:30:00.000000000,TB12,2.5115,power_output,Statistical anomaly (z=2.51),heuristic_screening,False,SCREENING_ONLY
2026-03-13T16:50:00.000000000,TB12,2.5579,power_output,Statistical anomaly (z=2.56),heuristic_screening,False,SCREENING_ONLY
2026-03-13T17:00:00.000000000,TB12,2.6672,power_output,Statistical anomaly (z=2.67),heuristic_screening,False,SCREENING_ONLY
2026-03-13T17:10:00.000000000,TB12,2.5864,power_output,Statistical anomaly (z=2.59),heuristic_screening,False,SCREENING_ONLY
2026-03-13T17:20:00.000000000,TB12,2.6145,power_output,Statistical anomaly (z=2.61),heuristic_screening,False,SCREENING_ONLY
2026-03-14T09:50:00.000000000,TB12,2.704,power_output,Statistical anomaly (z=2.70),heuristic_screening,False,SCREENING_ONLY
2026-03-14T10:20:00.000000000,TB12,2.6652,power_output,Statistical anomaly (z=2.67),heuristic_screening,False,SCREENING_ONLY
2026-03-14T10:30:00.000000000,TB12,2.5993,power_output,Statistical anomaly (z=2.60),heuristic_screening,False,SCREENING_ONLY
2026-03-14T10:40:00.000000000,TB12,2.7226,power_output,Statistical anomaly (z=2.72),heuristic_screening,False,SCREENING_ONLY
2026-03-14T11:00:00.000000000,TB12,2.5387,power_output,Statistical anomaly (z=2.54),heuristic_screening,False,SCREENING_ONLY
2026-03-14T11:20:00.000000000,TB12,2.5369,power_output,Statistical anomaly (z=2.54),heuristic_screening,False,SCREENING_ONLY
2026-03-14T11:30:00.000000000,TB12,2.6851,power_output,Statistical anomaly (z=2.69),heuristic_screening,False,SCREENING_ONLY
2026-03-14T11:50:00.000000000,TB12,2.7495,power_output,Statistical anomaly (z=2.75),heuristic_screening,False,SCREENING_ONLY
2026-03-14T12:00:00.000000000,TB12,2.7525,power_output,Statistical anomaly (z=2.75),heuristic_screening,False,SCREENING_ONLY
2026-03-14T13:00:00.000000000,TB12,2.6574,power_output,Statistical anomaly (z=2.66),heuristic_screening,False,SCREENING_ONLY
2026-03-14T13:30:00.000000000,TB12,2.683,power_output,Statistical anomaly (z=2.68),heuristic_screening,False,SCREENING_ONLY
2026-03-14T13:40:00.000000000,TB12,2.7075,power_output,Statistical anomaly (z=2.71),heuristic_screening,False,SCREENING_ONLY
2026-03-14T14:00:00.000000000,TB12,2.6954,power_output,Statistical anomaly (z=2.70),heuristic_screening,False,SCREENING_ONLY
2026-03-14T14:10:00.000000000,TB12,2.6131,power_output,Statistical anomaly (z=2.61),heuristic_screening,False,SCREENING_ONLY
2026-03-14T14:20:00.000000000,TB12,2.5998,power_output,Statistical anomaly (z=2.60),heuristic_screening,False,SCREENING_ONLY
2026-03-14T14:30:00.000000000,TB12,2.7058,power_output,Statistical anomaly (z=2.71),heuristic_screening,False,SCREENING_ONLY
2026-03-14T14:40:00.000000000,TB12,2.7581,power_output,Statistical anomaly (z=2.76),heuristic_screening,False,SCREENING_ONLY
2026-03-14T14:50:00.000000000,TB12,2.6803,power_output,Statistical anomaly (z=2.68),heuristic_screening,False,SCREENING_ONLY
2026-03-14T15:00:00.000000000,TB12,2.7257,power_output,Statistical anomaly (z=2.73),heuristic_screening,False,SCREENING_ONLY
2026-03-14T15:10:00.000000000,TB12,2.7095,power_output,Statistical anomaly (z=2.71),heuristic_screening,False,SCREENING_ONLY
2026-03-14T15:30:00.000000000,TB12,2.7468,power_output,Statistical anomaly (z=2.75),heuristic_screening,False,SCREENING_ONLY
2026-03-14T15:40:00.000000000,TB12,2.7307,power_output,Statistical anomaly (z=2.73),heuristic_screening,False,SCREENING_ONLY
2026-03-14T15:50:00.000000000,TB12,2.5923,power_output,Statistical anomaly (z=2.59),heuristic_screening,False,SCREENING_ONLY
2026-03-14T16:10:00.000000000,TB12,2.6627,power_output,Statistical anomaly (z=2.66),heuristic_screening,False,SCREENING_ONLY
2026-03-14T16:20:00.000000000,TB12,2.6387,power_output,Statistical anomaly (z=2.64),heuristic_screening,False,SCREENING_ONLY
2026-03-14T16:50:00.000000000,TB12,2.7179,power_output,Statistical anomaly (z=2.72),heuristic_screening,False,SCREENING_ONLY
2026-03-15T07:30:00.000000000,TB12,2.6771,power_output,Statistical anomaly (z=2.68),heuristic_screening,False,SCREENING_ONLY
2026-03-15T13:20:00.000000000,TB12,2.6627,power_output,Statistical anomaly (z=2.66),heuristic_screening,False,SCREENING_ONLY
2026-03-15T14:00:00.000000000,TB12,2.6382,power_output,Statistical anomaly (z=2.64),heuristic_screening,False,SCREENING_ONLY
2026-03-15T14:10:00.000000000,TB12,2.6034,power_output,Statistical anomaly (z=2.60),heuristic_screening,False,SCREENING_ONLY
2026-03-15T14:20:00.000000000,TB12,2.7531,power_output,Statistical anomaly (z=2.75),heuristic_screening,False,SCREENING_ONLY
2026-03-15T14:30:00.000000000,TB12,2.7491,power_output,Statistical anomaly (z=2.75),heuristic_screening,False,SCREENING_ONLY
2026-03-15T14:40:00.000000000,TB12,2.7574,power_output,Statistical anomaly (z=2.76),heuristic_screening,False,SCREENING_ONLY
2026-03-15T14:50:00.000000000,TB12,2.7576,power_output,Statistical anomaly (z=2.76),heuristic_screening,False,SCREENING_ONLY
2026-03-15T15:00:00.000000000,TB12,2.7577,power_output,Statistical anomaly (z=2.76),heuristic_screening,False,SCREENING_ONLY
2026-03-15T15:10:00.000000000,TB12,2.7577,power_output,Statistical anomaly (z=2.76),heuristic_screening,False,SCREENING_ONLY
2026-03-15T15:20:00.000000000,TB12,2.7447,power_output,Statistical anomaly (z=2.74),heuristic_screening,False,SCREENING_ONLY
2026-03-15T15:30:00.000000000,TB12,2.7586,power_output,Statistical anomaly (z=2.76),heuristic_screening,False,SCREENING_ONLY
2026-03-15T15:40:00.000000000,TB12,2.7574,power_output,Statistical anomaly (z=2.76),heuristic_screening,False,SCREENING_ONLY
2026-03-15T15:50:00.000000000,TB12,2.7586,power_output,Statistical anomaly (z=2.76),heuristic_screening,False,SCREENING_ONLY
2026-03-15T16:00:00.000000000,TB12,2.7583,power_output,Statistical anomaly (z=2.76),heuristic_screening,False,SCREENING_ONLY
2026-03-15T16:10:00.000000000,TB12,2.7576,power_output,Statistical anomaly (z=2.76),heuristic_screening,False,SCREENING_ONLY
2026-03-15T16:20:00.000000000,TB12,2.7576,power_output,Statistical anomaly (z=2.76),heuristic_screening,False,SCREENING_ONLY
2026-03-15T16:30:00.000000000,TB12,2.7577,power_output,Statistical anomaly (z=2.76),heuristic_screening,False,SCREENING_ONLY
2026-03-15T16:40:00.000000000,TB12,2.7579,power_output,Statistical anomaly (z=2.76),heuristic_screening,False,SCREENING_ONLY
2026-03-15T16:50:00.000000000,TB12,2.7577,power_output,Statistical anomaly (z=2.76),heuristic_screening,False,SCREENING_ONLY
2026-03-15T17:00:00.000000000,TB12,2.7455,power_output,Statistical anomaly (z=2.75),heuristic_screening,False,SCREENING_ONLY
2026-03-15T17:10:00.000000000,TB12,2.7536,power_output,Statistical anomaly (z=2.75),heuristic_screening,False,SCREENING_ONLY
2026-03-15T17:20:00.000000000,TB12,2.7577,power_output,Statistical anomaly (z=2.76),heuristic_screening,False,SCREENING_ONLY
2026-03-15T17:30:00.000000000,TB12,2.7577,power_output,Statistical anomaly (z=2.76),heuristic_screening,False,SCREENING_ONLY
2026-03-15T17:40:00.000000000,TB12,2.7574,power_output,Statistical anomaly (z=2.76),heuristic_screening,False,SCREENING_ONLY
2026-03-15T17:50:00.000000000,TB12,2.6841,power_output,Statistical anomaly (z=2.68),heuristic_screening,False,SCREENING_ONLY
2026-03-15T18:00:00.000000000,TB12,2.7577,power_output,Statistical anomaly (z=2.76),heuristic_screening,False,SCREENING_ONLY
2026-03-15T18:10:00.000000000,TB12,2.7364,power_output,Statistical anomaly (z=2.74),heuristic_screening,False,SCREENING_ONLY
2026-03-15T18:20:00.000000000,TB12,2.6841,power_output,Statistical anomaly (z=2.68),heuristic_screening,False,SCREENING_ONLY
2026-03-16T11:50:00.000000000,TB12,2.6796,power_output,Statistical anomaly (z=2.68),heuristic_screening,False,SCREENING_ONLY
2026-03-16T12:00:00.000000000,TB12,2.623,power_output,Statistical anomaly (z=2.62),heuristic_screening,False,SCREENING_ONLY
2026-03-16T12:10:00.000000000,TB12,2.7527,power_output,Statistical anomaly (z=2.75),heuristic_screening,False,SCREENING_ONLY
2026-03-16T12:20:00.000000000,TB12,2.7586,power_output,Statistical anomaly (z=2.76),heuristic_screening,False,SCREENING_ONLY
2026-03-16T12:30:00.000000000,TB12,2.7178,power_output,Statistical anomaly (z=2.72),heuristic_screening,False,SCREENING_ONLY
2026-03-16T12:40:00.000000000,TB12,2.7296,power_output,Statistical anomaly (z=2.73),heuristic_screening,False,SCREENING_ONLY
2026-03-16T12:50:00.000000000,TB12,2.6735,power_output,Statistical anomaly (z=2.67),heuristic_screening,False,SCREENING_ONLY
2026-03-16T13:00:00.000000000,TB12,2.6041,power_output,Statistical anomaly (z=2.60),heuristic_screening,False,SCREENING_ONLY
2026-03-16T13:10:00.000000000,TB12,2.6875,power_output,Statistical anomaly (z=2.69),heuristic_screening,False,SCREENING_ONLY
2026-03-16T13:20:00.000000000,TB12,2.7549,power_output,Statistical anomaly (z=2.75),heuristic_screening,False,SCREENING_ONLY
2026-03-16T13:30:00.000000000,TB12,2.7549,power_output,Statistical anomaly (z=2.75),heuristic_screening,False,SCREENING_ONLY
2026-03-16T13:40:00.000000000,TB12,2.7364,power_output,Statistical anomaly (z=2.74),heuristic_screening,False,SCREENING_ONLY
2026-03-16T13:50:00.000000000,TB12,2.7463,power_output,Statistical anomaly (z=2.75),heuristic_screening,False,SCREENING_ONLY
2026-03-16T14:00:00.000000000,TB12,2.7536,power_output,Statistical anomaly (z=2.75),heuristic_screening,False,SCREENING_ONLY
2026-03-16T14:10:00.000000000,TB12,2.7328,power_output,Statistical anomaly (z=2.73),heuristic_screening,False,SCREENING_ONLY
2026-03-16T14:20:00.000000000,TB12,2.7434,power_output,Statistical anomaly (z=2.74),heuristic_screening,False,SCREENING_ONLY
2026-03-16T14:30:00.000000000,TB12,2.754,power_output,Statistical anomaly (z=2.75),heuristic_screening,False,SCREENING_ONLY
2026-03-16T14:40:00.000000000,TB12,2.7579,power_output,Statistical anomaly (z=2.76),heuristic_screening,False,SCREENING_ONLY
2026-03-16T14:50:00.000000000,TB12,2.7348,power_output,Statistical anomaly (z=2.73),heuristic_screening,False,SCREENING_ONLY
2026-03-16T15:00:00.000000000,TB12,2.7491,power_output,Statistical anomaly (z=2.75),heuristic_screening,False,SCREENING_ONLY
2026-03-16T15:10:00.000000000,TB12,2.7565,power_output,Statistical anomaly (z=2.76),heuristic_screening,False,SCREENING_ONLY
2026-03-16T15:20:00.000000000,TB12,2.7599,power_output,Statistical anomaly (z=2.76),heuristic_screening,False,SCREENING_ONLY
2026-03-16T15:30:00.000000000,TB12,2.7518,power_output,Statistical anomaly (z=2.75),heuristic_screening,False,SCREENING_ONLY
2026-03-16T15:40:00.000000000,TB12,2.7577,power_output,Statistical anomaly (z=2.76),heuristic_screening,False,SCREENING_ONLY
2026-03-16T15:50:00.000000000,TB12,2.7583,power_output,Statistical anomaly (z=2.76),heuristic_screening,False,SCREENING_ONLY
2026-03-16T16:00:00.000000000,TB12,2.7549,power_output,Statistical anomaly (z=2.75),heuristic_screening,False,SCREENING_ONLY
2026-03-16T16:10:00.000000000,TB12,2.75,power_output,Statistical anomaly (z=2.75),heuristic_screening,False,SCREENING_ONLY
2026-03-16T16:20:00.000000000,TB12,2.7581,power_output,Statistical anomaly (z=2.76),heuristic_screening,False,SCREENING_ONLY
2026-03-16T16:30:00.000000000,TB12,2.7576,power_output,Statistical anomaly (z=2.76),heuristic_screening,False,SCREENING_ONLY
2026-03-16T16:40:00.000000000,TB12,2.7549,power_output,Statistical anomaly (z=2.75),heuristic_screening,False,SCREENING_ONLY
2026-03-16T16:50:00.000000000,TB12,2.7567,power_output,Statistical anomaly (z=2.76),heuristic_screening,False,SCREENING_ONLY
2026-03-16T17:00:00.000000000,TB12,2.7577,power_output,Statistical anomaly (z=2.76),heuristic_screening,False,SCREENING_ONLY
2026-03-16T17:10:00.000000000,TB12,2.752,power_output,Statistical anomaly (z=2.75),heuristic_screening,False,SCREENING_ONLY
2026-03-16T17:20:00.000000000,TB12,2.7552,power_output,Statistical anomaly (z=2.76),heuristic_screening,False,SCREENING_ONLY
2026-03-16T17:30:00.000000000,TB12,2.7577,power_output,Statistical anomaly (z=2.76),heuristic_screening,False,SCREENING_ONLY
2026-03-16T17:40:00.000000000,TB12,2.7576,power_output,Statistical anomaly (z=2.76),heuristic_screening,False,SCREENING_ONLY
2026-03-16T17:50:00.000000000,TB12,2.7576,power_output,Statistical anomaly (z=2.76),heuristic_screening,False,SCREENING_ONLY
2026-03-16T18:00:00.000000000,TB12,2.7542,power_output,Statistical anomaly (z=2.75),heuristic_screening,False,SCREENING_ONLY
2026-03-16T18:10:00.000000000,TB12,2.7059,power_output,Statistical anomaly (z=2.71),heuristic_screening,False,SCREENING_ONLY
2026-03-17T11:20:00.000000000,TB12,2.7016,power_output,Statistical anomaly (z=2.70),heuristic_screening,False,SCREENING_ONLY
2026-03-17T11:30:00.000000000,TB12,2.5387,power_output,Statistical anomaly (z=2.54),heuristic_screening,False,SCREENING_ONLY
2026-03-17T12:50:00.000000000,TB12,2.5333,power_output,Statistical anomaly (z=2.53),heuristic_screening,False,SCREENING_ONLY
2026-03-17T13:00:00.000000000,TB12,2.5916,power_output,Statistical anomaly (z=2.59),heuristic_screening,False,SCREENING_ONLY
2026-03-17T13:10:00.000000000,TB12,2.5945,power_output,Statistical anomaly (z=2.59),heuristic_screening,False,SCREENING_ONLY
2026-03-17T13:20:00.000000000,TB12,2.6921,power_output,Statistical anomaly (z=2.69),heuristic_screening,False,SCREENING_ONLY
2026-03-17T13:30:00.000000000,TB12,2.7552,power_output,Statistical anomaly (z=2.76),heuristic_screening,False,SCREENING_ONLY
2026-03-17T13:40:00.000000000,TB12,2.752,power_output,Statistical anomaly (z=2.75),heuristic_screening,False,SCREENING_ONLY
2026-03-17T13:50:00.000000000,TB12,2.7504,power_output,Statistical anomaly (z=2.75),heuristic_screening,False,SCREENING_ONLY
2026-03-17T14:00:00.000000000,TB12,2.669,power_output,Statistical anomaly (z=2.67),heuristic_screening,False,SCREENING_ONLY
2026-03-17T14:20:00.000000000,TB12,2.6959,power_output,Statistical anomaly (z=2.70),heuristic_screening,False,SCREENING_ONLY
2026-03-17T14:40:00.000000000,TB12,2.5731,power_output,Statistical anomaly (z=2.57),heuristic_screening,False,SCREENING_ONLY
2026-03-17T14:50:00.000000000,TB12,2.6083,power_output,Statistical anomaly (z=2.61),heuristic_screening,False,SCREENING_ONLY
2026-03-17T15:00:00.000000000,TB12,2.6353,power_output,Statistical anomaly (z=2.64),heuristic_screening,False,SCREENING_ONLY
2026-03-17T15:10:00.000000000,TB12,2.6231,power_output,Statistical anomaly (z=2.62),heuristic_screening,False,SCREENING_ONLY
2026-03-17T15:20:00.000000000,TB12,2.6902,power_output,Statistical anomaly (z=2.69),heuristic_screening,False,SCREENING_ONLY
2026-03-17T15:30:00.000000000,TB12,2.5566,power_output,Statistical anomaly (z=2.56),heuristic_screening,False,SCREENING_ONLY
2026-03-17T15:40:00.000000000,TB12,2.648,power_output,Statistical anomaly (z=2.65),heuristic_screening,False,SCREENING_ONLY
2026-03-17T15:50:00.000000000,TB12,2.5703,power_output,Statistical anomaly (z=2.57),heuristic_screening,False,SCREENING_ONLY
2026-03-17T17:50:00.000000000,TB12,2.6081,power_output,Statistical anomaly (z=2.61),heuristic_screening,False,SCREENING_ONLY
2026-03-17T18:00:00.000000000,TB12,2.7054,power_output,Statistical anomaly (z=2.71),heuristic_screening,False,SCREENING_ONLY
2026-03-17T18:10:00.000000000,TB12,2.6332,power_output,Statistical anomaly (z=2.63),heuristic_screening,False,SCREENING_ONLY
2026-03-17T18:20:00.000000000,TB12,2.6222,power_output,Statistical anomaly (z=2.62),heuristic_screening,False,SCREENING_ONLY
2026-03-18T13:00:00.000000000,TB12,2.5134,power_output,Statistical anomaly (z=2.51),heuristic_screening,False,SCREENING_ONLY
2026-03-18T15:50:00.000000000,TB12,2.5652,power_output,Statistical anomaly (z=2.57),heuristic_screening,False,SCREENING_ONLY
2026-03-18T17:10:00.000000000,TB12,2.534,power_output,Statistical anomaly (z=2.53),heuristic_screening,False,SCREENING_ONLY
2026-03-21T12:50:00.000000000,TB12,2.5744,power_output,Statistical anomaly (z=2.57),heuristic_screening,False,SCREENING_ONLY
2026-03-21T13:00:00.000000000,TB12,2.6599,power_output,Statistical anomaly (z=2.66),heuristic_screening,False,SCREENING_ONLY
2026-03-21T13:20:00.000000000,TB12,2.5869,power_output,Statistical anomaly (z=2.59),heuristic_screening,False,SCREENING_ONLY
2026-03-21T15:00:00.000000000,TB12,2.6264,power_output,Statistical anomaly (z=2.63),heuristic_screening,False,SCREENING_ONLY
2026-03-21T15:10:00.000000000,TB12,2.6878,power_output,Statistical anomaly (z=2.69),heuristic_screening,False,SCREENING_ONLY
2026-03-21T15:20:00.000000000,TB12,2.5206,power_output,Statistical anomaly (z=2.52),heuristic_screening,False,SCREENING_ONLY
2026-03-21T17:50:00.000000000,TB12,2.7565,power_output,Statistical anomaly (z=2.76),heuristic_screening,False,SCREENING_ONLY
2026-03-21T18:00:00.000000000,TB12,2.7579,power_output,Statistical anomaly (z=2.76),heuristic_screening,False,SCREENING_ONLY
2026-03-22T14:10:00.000000000,TB12,2.6059,power_output,Statistical anomaly (z=2.61),heuristic_screening,False,SCREENING_ONLY
2026-03-22T14:30:00.000000000,TB12,2.5677,power_output,Statistical anomaly (z=2.57),heuristic_screening,False,SCREENING_ONLY
2026-03-22T14:50:00.000000000,TB12,2.5885,power_output,Statistical anomaly (z=2.59),heuristic_screening,False,SCREENING_ONLY
2026-03-22T15:00:00.000000000,TB12,2.6726,power_output,Statistical anomaly (z=2.67),heuristic_screening,False,SCREENING_ONLY
2026-03-22T15:10:00.000000000,TB12,2.6452,power_output,Statistical anomaly (z=2.65),heuristic_screening,False,SCREENING_ONLY
2026-03-22T18:30:00.000000000,TB12,2.7375,power_output,Statistical anomaly (z=2.74),heuristic_screening,False,SCREENING_ONLY
2026-03-25T15:00:00.000000000,TB12,2.6299,power_output,Statistical anomaly (z=2.63),heuristic_screening,False,SCREENING_ONLY
2026-03-25T15:10:00.000000000,TB12,2.6936,power_output,Statistical anomaly (z=2.69),heuristic_screening,False,SCREENING_ONLY
2026-03-25T15:20:00.000000000,TB12,2.6532,power_output,Statistical anomaly (z=2.65),heuristic_screening,False,SCREENING_ONLY
2026-03-25T15:30:00.000000000,TB12,2.7242,power_output,Statistical anomaly (z=2.72),heuristic_screening,False,SCREENING_ONLY
2026-03-25T15:40:00.000000000,TB12,2.7522,power_output,Statistical anomaly (z=2.75),heuristic_screening,False,SCREENING_ONLY
2026-03-25T15:50:00.000000000,TB12,2.7561,power_output,Statistical anomaly (z=2.76),heuristic_screening,False,SCREENING_ONLY
2026-03-25T16:00:00.000000000,TB12,2.7576,power_output,Statistical anomaly (z=2.76),heuristic_screening,False,SCREENING_ONLY
2026-03-25T16:10:00.000000000,TB12,2.7554,power_output,Statistical anomaly (z=2.76),heuristic_screening,False,SCREENING_ONLY
2026-03-25T16:20:00.000000000,TB12,2.7576,power_output,Statistical anomaly (z=2.76),heuristic_screening,False,SCREENING_ONLY
2026-03-25T16:30:00.000000000,TB12,2.755,power_output,Statistical anomaly (z=2.76),heuristic_screening,False,SCREENING_ONLY
2026-03-25T16:40:00.000000000,TB12,2.6862,power_output,Statistical anomaly (z=2.69),heuristic_screening,False,SCREENING_ONLY
2026-03-25T17:30:00.000000000,TB12,2.7167,power_output,Statistical anomaly (z=2.72),heuristic_screening,False,SCREENING_ONLY
2026-03-25T17:40:00.000000000,TB12,2.5321,power_output,Statistical anomaly (z=2.53),heuristic_screening,False,SCREENING_ONLY
2026-04-01T00:20:00.000000000,TB12,2.7407,power_output,Statistical anomaly (z=2.74),heuristic_screening,False,SCREENING_ONLY
2026-04-01T00:40:00.000000000,TB12,2.5224,power_output,Statistical anomaly (z=2.52),heuristic_screening,False,SCREENING_ONLY
2026-04-02T13:10:00.000000000,TB12,2.5066,power_output,Statistical anomaly (z=2.51),heuristic_screening,False,SCREENING_ONLY
2026-04-02T15:20:00.000000000,TB12,2.6316,power_output,Statistical anomaly (z=2.63),heuristic_screening,False,SCREENING_ONLY
2026-04-02T15:30:00.000000000,TB12,2.6669,power_output,Statistical anomaly (z=2.67),heuristic_screening,False,SCREENING_ONLY
2026-04-02T15:40:00.000000000,TB12,2.7032,power_output,Statistical anomaly (z=2.70),heuristic_screening,False,SCREENING_ONLY
2026-04-02T15:50:00.000000000,TB12,2.6581,power_output,Statistical anomaly (z=2.66),heuristic_screening,False,SCREENING_ONLY
2026-04-02T16:00:00.000000000,TB12,2.7509,power_output,Statistical anomaly (z=2.75),heuristic_screening,False,SCREENING_ONLY
2026-04-02T16:10:00.000000000,TB12,2.7579,power_output,Statistical anomaly (z=2.76),heuristic_screening,False,SCREENING_ONLY
2026-04-02T16:20:00.000000000,TB12,2.759,power_output,Statistical anomaly (z=2.76),heuristic_screening,False,SCREENING_ONLY
2026-04-02T16:30:00.000000000,TB12,2.7282,power_output,Statistical anomaly (z=2.73),heuristic_screening,False,SCREENING_ONLY
2026-04-02T16:40:00.000000000,TB12,2.7542,power_output,Statistical anomaly (z=2.75),heuristic_screening,False,SCREENING_ONLY
2026-04-02T16:50:00.000000000,TB12,2.7516,power_output,Statistical anomaly (z=2.75),heuristic_screening,False,SCREENING_ONLY
2026-04-02T17:00:00.000000000,TB12,2.7583,power_output,Statistical anomaly (z=2.76),heuristic_screening,False,SCREENING_ONLY
2026-04-02T17:10:00.000000000,TB12,2.7493,power_output,Statistical anomaly (z=2.75),heuristic_screening,False,SCREENING_ONLY
2026-04-05T13:40:00.000000000,TB12,2.548,power_output,Statistical anomaly (z=2.55),heuristic_screening,False,SCREENING_ONLY
2026-04-05T14:00:00.000000000,TB12,2.7119,power_output,Statistical anomaly (z=2.71),heuristic_screening,False,SCREENING_ONLY
2026-04-05T14:10:00.000000000,TB12,2.61,power_output,Statistical anomaly (z=2.61),heuristic_screening,False,SCREENING_ONLY
2026-04-05T14:20:00.000000000,TB12,2.7253,power_output,Statistical anomaly (z=2.73),heuristic_screening,False,SCREENING_ONLY
2026-04-05T14:30:00.000000000,TB12,2.7242,power_output,Statistical anomaly (z=2.72),heuristic_screening,False,SCREENING_ONLY
2026-04-05T14:40:00.000000000,TB12,2.752,power_output,Statistical anomaly (z=2.75),heuristic_screening,False,SCREENING_ONLY
2026-04-05T14:50:00.000000000,TB12,2.7545,power_output,Statistical anomaly (z=2.75),heuristic_screening,False,SCREENING_ONLY
2026-04-05T15:00:00.000000000,TB12,2.7565,power_output,Statistical anomaly (z=2.76),heuristic_screening,False,SCREENING_ONLY
2026-04-05T15:10:00.000000000,TB12,2.7427,power_output,Statistical anomaly (z=2.74),heuristic_screening,False,SCREENING_ONLY
2026-04-05T15:50:00.000000000,TB12,2.5283,power_output,Statistical anomaly (z=2.53),heuristic_screening,False,SCREENING_ONLY
2026-04-05T16:00:00.000000000,TB12,2.6959,power_output,Statistical anomaly (z=2.70),heuristic_screening,False,SCREENING_ONLY
2026-04-05T16:30:00.000000000,TB12,2.5561,power_output,Statistical anomaly (z=2.56),heuristic_screening,False,SCREENING_ONLY
2026-04-05T17:10:00.000000000,TB12,2.6886,power_output,Statistical anomaly (z=2.69),heuristic_screening,False,SCREENING_ONLY
2026-04-05T17:20:00.000000000,TB12,2.6059,power_output,Statistical anomaly (z=2.61),heuristic_screening,False,SCREENING_ONLY
2026-04-05T17:30:00.000000000,TB12,2.6409,power_output,Statistical anomaly (z=2.64),heuristic_screening,False,SCREENING_ONLY
2026-04-05T17:40:00.000000000,TB12,2.5194,power_output,Statistical anomaly (z=2.52),heuristic_screening,False,SCREENING_ONLY
2026-04-05T17:50:00.000000000,TB12,2.6061,power_output,Statistical anomaly (z=2.61),heuristic_screening,False,SCREENING_ONLY
2026-04-05T18:00:00.000000000,TB12,2.6808,power_output,Statistical anomaly (z=2.68),heuristic_screening,False,SCREENING_ONLY
2026-04-06T12:20:00.000000000,TB12,2.5188,power_output,Statistical anomaly (z=2.52),heuristic_screening,False,SCREENING_ONLY
2026-04-06T12:50:00.000000000,TB12,2.6868,power_output,Statistical anomaly (z=2.69),heuristic_screening,False,SCREENING_ONLY
2026-04-06T13:00:00.000000000,TB12,2.6893,power_output,Statistical anomaly (z=2.69),heuristic_screening,False,SCREENING_ONLY
2026-04-06T13:10:00.000000000,TB12,2.5688,power_output,Statistical anomaly (z=2.57),heuristic_screening,False,SCREENING_ONLY
2026-04-06T14:00:00.000000000,TB12,2.5821,power_output,Statistical anomaly (z=2.58),heuristic_screening,False,SCREENING_ONLY
2026-04-06T14:10:00.000000000,TB12,2.7013,power_output,Statistical anomaly (z=2.70),heuristic_screening,False,SCREENING_ONLY
2026-04-06T14:20:00.000000000,TB12,2.5738,power_output,Statistical anomaly (z=2.57),heuristic_screening,False,SCREENING_ONLY
2026-04-06T14:50:00.000000000,TB12,2.5104,power_output,Statistical anomaly (z=2.51),heuristic_screening,False,SCREENING_ONLY
2026-04-06T15:40:00.000000000,TB12,2.7074,power_output,Statistical anomaly (z=2.71),heuristic_screening,False,SCREENING_ONLY
2026-04-06T15:50:00.000000000,TB12,2.7047,power_output,Statistical anomaly (z=2.70),heuristic_screening,False,SCREENING_ONLY
2026-04-06T16:00:00.000000000,TB12,2.6506,power_output,Statistical anomaly (z=2.65),heuristic_screening,False,SCREENING_ONLY
2026-04-06T22:20:00.000000000,TB12,2.5027,power_output,Statistical anomaly (z=2.50),heuristic_screening,False,SCREENING_ONLY
2026-04-06T22:30:00.000000000,TB12,2.5738,power_output,Statistical anomaly (z=2.57),heuristic_screening,False,SCREENING_ONLY
2026-04-25T13:30:00.000000000,TB12,2.7056,power_output,Statistical anomaly (z=2.71),heuristic_screening,False,SCREENING_ONLY
2026-04-25T13:40:00.000000000,TB12,2.7472,power_output,Statistical anomaly (z=2.75),heuristic_screening,False,SCREENING_ONLY
2026-04-25T13:50:00.000000000,TB12,2.7402,power_output,Statistical anomaly (z=2.74),heuristic_screening,False,SCREENING_ONLY
2026-04-25T14:00:00.000000000,TB12,2.7567,power_output,Statistical anomaly (z=2.76),heuristic_screening,False,SCREENING_ONLY
2026-04-25T14:10:00.000000000,TB12,2.7488,power_output,Statistical anomaly (z=2.75),heuristic_screening,False,SCREENING_ONLY
2026-04-25T14:20:00.000000000,TB12,2.7101,power_output,Statistical anomaly (z=2.71),heuristic_screening,False,SCREENING_ONLY
2026-04-25T14:30:00.000000000,TB12,2.6792,power_output,Statistical anomaly (z=2.68),heuristic_screening,False,SCREENING_ONLY
2026-04-25T14:40:00.000000000,TB12,2.7077,power_output,Statistical anomaly (z=2.71),heuristic_screening,False,SCREENING_ONLY
2026-04-25T14:50:00.000000000,TB12,2.7534,power_output,Statistical anomaly (z=2.75),heuristic_screening,False,SCREENING_ONLY
2026-04-25T15:00:00.000000000,TB12,2.7412,power_output,Statistical anomaly (z=2.74),heuristic_screening,False,SCREENING_ONLY
2026-04-25T15:10:00.000000000,TB12,2.7577,power_output,Statistical anomaly (z=2.76),heuristic_screening,False,SCREENING_ONLY
2026-04-25T15:20:00.000000000,TB12,2.7025,power_output,Statistical anomaly (z=2.70),heuristic_screening,False,SCREENING_ONLY
2026-04-25T15:30:00.000000000,TB12,2.6877,power_output,Statistical anomaly (z=2.69),heuristic_screening,False,SCREENING_ONLY
2026-04-25T15:40:00.000000000,TB12,2.7461,power_output,Statistical anomaly (z=2.75),heuristic_screening,False,SCREENING_ONLY
2026-04-25T15:50:00.000000000,TB12,2.6993,power_output,Statistical anomaly (z=2.70),heuristic_screening,False,SCREENING_ONLY
2026-04-30T13:10:00.000000000,TB12,2.69,power_output,Statistical anomaly (z=2.69),heuristic_screening,False,SCREENING_ONLY
2026-04-30T13:20:00.000000000,TB12,2.598,power_output,Statistical anomaly (z=2.60),heuristic_screening,False,SCREENING_ONLY
2026-04-30T13:30:00.000000000,TB12,2.7251,power_output,Statistical anomaly (z=2.73),heuristic_screening,False,SCREENING_ONLY
2026-04-30T13:40:00.000000000,TB12,2.7151,power_output,Statistical anomaly (z=2.72),heuristic_screening,False,SCREENING_ONLY
2026-04-30T13:50:00.000000000,TB12,2.7466,power_output,Statistical anomaly (z=2.75),heuristic_screening,False,SCREENING_ONLY
2026-04-30T14:00:00.000000000,TB12,2.6873,power_output,Statistical anomaly (z=2.69),heuristic_screening,False,SCREENING_ONLY
2026-04-30T14:10:00.000000000,TB12,2.7172,power_output,Statistical anomaly (z=2.72),heuristic_screening,False,SCREENING_ONLY
2026-04-30T14:20:00.000000000,TB12,2.6801,power_output,Statistical anomaly (z=2.68),heuristic_screening,False,SCREENING_ONLY
2026-04-30T14:30:00.000000000,TB12,2.657,power_output,Statistical anomaly (z=2.66),heuristic_screening,False,SCREENING_ONLY
2026-04-30T14:40:00.000000000,TB12,2.6238,power_output,Statistical anomaly (z=2.62),heuristic_screening,False,SCREENING_ONLY
2026-04-30T14:50:00.000000000,TB12,2.5328,power_output,Statistical anomaly (z=2.53),heuristic_screening,False,SCREENING_ONLY
2026-04-30T15:00:00.000000000,TB12,2.5457,power_output,Statistical anomaly (z=2.55),heuristic_screening,False,SCREENING_ONLY
2026-04-30T15:30:00.000000000,TB12,2.5903,power_output,Statistical anomaly (z=2.59),heuristic_screening,False,SCREENING_ONLY
2026-04-30T16:40:00.000000000,TB12,2.5179,power_output,Statistical anomaly (z=2.52),heuristic_screening,False,SCREENING_ONLY
2026-04-30T16:50:00.000000000,TB12,2.5952,power_output,Statistical anomaly (z=2.60),heuristic_screening,False,SCREENING_ONLY
2026-04-30T18:30:00.000000000,TB12,2.7153,power_output,Statistical anomaly (z=2.72),heuristic_screening,False,SCREENING_ONLY
2026-04-30T18:40:00.000000000,TB12,2.7586,power_output,Statistical anomaly (z=2.76),heuristic_screening,False,SCREENING_ONLY
2026-04-30T18:50:00.000000000,TB12,2.5289,power_output,Statistical anomaly (z=2.53),heuristic_screening,False,SCREENING_ONLY
2026-05-03T12:50:00.000000000,TB12,2.5909,power_output,Statistical anomaly (z=2.59),heuristic_screening,False,SCREENING_ONLY
2026-05-03T13:20:00.000000000,TB12,2.678,power_output,Statistical anomaly (z=2.68),heuristic_screening,False,SCREENING_ONLY
2026-05-03T13:30:00.000000000,TB12,2.5342,power_output,Statistical anomaly (z=2.53),heuristic_screening,False,SCREENING_ONLY
2026-05-03T13:40:00.000000000,TB12,2.7368,power_output,Statistical anomaly (z=2.74),heuristic_screening,False,SCREENING_ONLY
2026-05-03T13:50:00.000000000,TB12,2.745,power_output,Statistical anomaly (z=2.75),heuristic_screening,False,SCREENING_ONLY
2026-05-03T14:00:00.000000000,TB12,2.7305,power_output,Statistical anomaly (z=2.73),heuristic_screening,False,SCREENING_ONLY
2026-05-03T14:10:00.000000000,TB12,2.612,power_output,Statistical anomaly (z=2.61),heuristic_screening,False,SCREENING_ONLY
2026-05-03T14:20:00.000000000,TB12,2.5312,power_output,Statistical anomaly (z=2.53),heuristic_screening,False,SCREENING_ONLY
2026-05-03T14:30:00.000000000,TB12,2.5751,power_output,Statistical anomaly (z=2.58),heuristic_screening,False,SCREENING_ONLY
2026-05-03T14:40:00.000000000,TB12,2.5226,power_output,Statistical anomaly (z=2.52),heuristic_screening,False,SCREENING_ONLY
2026-05-03T14:50:00.000000000,TB12,2.6061,power_output,Statistical anomaly (z=2.61),heuristic_screening,False,SCREENING_ONLY
2026-05-03T15:00:00.000000000,TB12,2.5869,power_output,Statistical anomaly (z=2.59),heuristic_screening,False,SCREENING_ONLY
2026-05-03T15:10:00.000000000,TB12,2.578,power_output,Statistical anomaly (z=2.58),heuristic_screening,False,SCREENING_ONLY
2026-05-03T15:20:00.000000000,TB12,2.5423,power_output,Statistical anomaly (z=2.54),heuristic_screening,False,SCREENING_ONLY
2026-05-03T15:30:00.000000000,TB12,2.7576,power_output,Statistical anomaly (z=2.76),heuristic_screening,False,SCREENING_ONLY
2026-05-03T15:40:00.000000000,TB12,2.7572,power_output,Statistical anomaly (z=2.76),heuristic_screening,False,SCREENING_ONLY
2026-05-03T15:50:00.000000000,TB12,2.7577,power_output,Statistical anomaly (z=2.76),heuristic_screening,False,SCREENING_ONLY
2026-05-03T16:00:00.000000000,TB12,2.7588,power_output,Statistical anomaly (z=2.76),heuristic_screening,False,SCREENING_ONLY
2026-05-03T16:10:00.000000000,TB12,2.7586,power_output,Statistical anomaly (z=2.76),heuristic_screening,False,SCREENING_ONLY
2026-05-03T16:20:00.000000000,TB12,2.7443,power_output,Statistical anomaly (z=2.74),heuristic_screening,False,SCREENING_ONLY
2026-05-03T16:30:00.000000000,TB12,2.7065,power_output,Statistical anomaly (z=2.71),heuristic_screening,False,SCREENING_ONLY
2026-05-03T16:40:00.000000000,TB12,2.5387,power_output,Statistical anomaly (z=2.54),heuristic_screening,False,SCREENING_ONLY
2026-05-03T16:50:00.000000000,TB12,2.6448,power_output,Statistical anomaly (z=2.64),heuristic_screening,False,SCREENING_ONLY
2026-05-03T17:00:00.000000000,TB12,2.7565,power_output,Statistical anomaly (z=2.76),heuristic_screening,False,SCREENING_ONLY
2026-05-03T17:10:00.000000000,TB12,2.5918,power_output,Statistical anomaly (z=2.59),heuristic_screening,False,SCREENING_ONLY
2026-05-03T17:20:00.000000000,TB12,2.6387,power_output,Statistical anomaly (z=2.64),heuristic_screening,False,SCREENING_ONLY
2026-05-03T17:40:00.000000000,TB12,2.7154,power_output,Statistical anomaly (z=2.72),heuristic_screening,False,SCREENING_ONLY
2026-05-03T18:20:00.000000000,TB12,2.7194,power_output,Statistical anomaly (z=2.72),heuristic_screening,False,SCREENING_ONLY
2026-05-05T12:20:00.000000000,TB12,2.7052,power_output,Statistical anomaly (z=2.71),heuristic_screening,False,SCREENING_ONLY
2026-05-05T12:30:00.000000000,TB12,2.7479,power_output,Statistical anomaly (z=2.75),heuristic_screening,False,SCREENING_ONLY
2026-05-05T12:40:00.000000000,TB12,2.7047,power_output,Statistical anomaly (z=2.70),heuristic_screening,False,SCREENING_ONLY
2026-05-05T12:50:00.000000000,TB12,2.742,power_output,Statistical anomaly (z=2.74),heuristic_screening,False,SCREENING_ONLY
2026-05-05T13:00:00.000000000,TB12,2.7558,power_output,Statistical anomaly (z=2.76),heuristic_screening,False,SCREENING_ONLY
2026-05-05T13:10:00.000000000,TB12,2.6979,power_output,Statistical anomaly (z=2.70),heuristic_screening,False,SCREENING_ONLY
2026-05-05T13:40:00.000000000,TB12,2.5631,power_output,Statistical anomaly (z=2.56),heuristic_screening,False,SCREENING_ONLY
2026-05-05T13:50:00.000000000,TB12,2.6192,power_output,Statistical anomaly (z=2.62),heuristic_screening,False,SCREENING_ONLY
2026-05-05T14:00:00.000000000,TB12,2.5808,power_output,Statistical anomaly (z=2.58),heuristic_screening,False,SCREENING_ONLY
2026-05-05T14:10:00.000000000,TB12,2.5975,power_output,Statistical anomaly (z=2.60),heuristic_screening,False,SCREENING_ONLY
2026-05-05T14:20:00.000000000,TB12,2.5753,power_output,Statistical anomaly (z=2.58),heuristic_screening,False,SCREENING_ONLY
2026-05-05T14:30:00.000000000,TB12,2.5572,power_output,Statistical anomaly (z=2.56),heuristic_screening,False,SCREENING_ONLY
2026-05-05T14:40:00.000000000,TB12,2.5645,power_output,Statistical anomaly (z=2.56),heuristic_screening,False,SCREENING_ONLY
2026-05-05T14:50:00.000000000,TB12,2.571,power_output,Statistical anomaly (z=2.57),heuristic_screening,False,SCREENING_ONLY
2026-05-05T15:00:00.000000000,TB12,2.583,power_output,Statistical anomaly (z=2.58),heuristic_screening,False,SCREENING_ONLY
2026-05-05T15:10:00.000000000,TB12,2.5903,power_output,Statistical anomaly (z=2.59),heuristic_screening,False,SCREENING_ONLY
2026-05-05T15:20:00.000000000,TB12,2.5952,power_output,Statistical anomaly (z=2.60),heuristic_screening,False,SCREENING_ONLY
2026-05-05T15:30:00.000000000,TB12,2.5247,power_output,Statistical anomaly (z=2.52),heuristic_screening,False,SCREENING_ONLY
2026-05-05T15:40:00.000000000,TB12,2.6219,power_output,Statistical anomaly (z=2.62),heuristic_screening,False,SCREENING_ONLY
2026-05-05T15:50:00.000000000,TB12,2.6428,power_output,Statistical anomaly (z=2.64),heuristic_screening,False,SCREENING_ONLY
2026-05-05T16:00:00.000000000,TB12,2.5138,power_output,Statistical anomaly (z=2.51),heuristic_screening,False,SCREENING_ONLY
2026-05-06T09:50:00.000000000,TB12,2.7007,power_output,Statistical anomaly (z=2.70),heuristic_screening,False,SCREENING_ONLY
2026-05-06T10:00:00.000000000,TB12,2.5746,power_output,Statistical anomaly (z=2.57),heuristic_screening,False,SCREENING_ONLY
2026-05-06T10:20:00.000000000,TB12,2.6644,power_output,Statistical anomaly (z=2.66),heuristic_screening,False,SCREENING_ONLY
2026-05-06T11:50:00.000000000,TB12,2.7579,power_output,Statistical anomaly (z=2.76),heuristic_screening,False,SCREENING_ONLY
2026-05-06T12:00:00.000000000,TB12,2.7509,power_output,Statistical anomaly (z=2.75),heuristic_screening,False,SCREENING_ONLY
2026-05-06T12:10:00.000000000,TB12,2.6593,power_output,Statistical anomaly (z=2.66),heuristic_screening,False,SCREENING_ONLY
2026-05-06T12:20:00.000000000,TB12,2.6681,power_output,Statistical anomaly (z=2.67),heuristic_screening,False,SCREENING_ONLY
2026-05-06T12:30:00.000000000,TB12,2.7577,power_output,Statistical anomaly (z=2.76),heuristic_screening,False,SCREENING_ONLY
2026-05-06T12:40:00.000000000,TB12,2.6041,power_output,Statistical anomaly (z=2.60),heuristic_screening,False,SCREENING_ONLY
2026-05-06T13:00:00.000000000,TB12,2.6554,power_output,Statistical anomaly (z=2.66),heuristic_screening,False,SCREENING_ONLY
2026-05-06T13:10:00.000000000,TB12,2.7337,power_output,Statistical anomaly (z=2.73),heuristic_screening,False,SCREENING_ONLY
2026-05-06T13:20:00.000000000,TB12,2.685,power_output,Statistical anomaly (z=2.68),heuristic_screening,False,SCREENING_ONLY
2026-05-06T13:30:00.000000000,TB12,2.707,power_output,Statistical anomaly (z=2.71),heuristic_screening,False,SCREENING_ONLY
2026-05-06T14:00:00.000000000,TB12,2.5271,power_output,Statistical anomaly (z=2.53),heuristic_screening,False,SCREENING_ONLY
2026-05-06T14:30:00.000000000,TB12,2.5776,power_output,Statistical anomaly (z=2.58),heuristic_screening,False,SCREENING_ONLY
2026-05-06T14:50:00.000000000,TB12,2.5636,power_output,Statistical anomaly (z=2.56),heuristic_screening,False,SCREENING_ONLY
2026-05-25T13:40:00.000000000,TB12,2.5109,power_output,Statistical anomaly (z=2.51),heuristic_screening,False,SCREENING_ONLY
2026-05-25T14:10:00.000000000,TB12,2.5278,power_output,Statistical anomaly (z=2.53),heuristic_screening,False,SCREENING_ONLY
2026-05-26T13:30:00.000000000,TB12,2.5566,power_output,Statistical anomaly (z=2.56),heuristic_screening,False,SCREENING_ONLY
2026-05-26T13:40:00.000000000,TB12,2.5966,power_output,Statistical anomaly (z=2.60),heuristic_screening,False,SCREENING_ONLY
2026-05-26T14:00:00.000000000,TB12,2.5771,power_output,Statistical anomaly (z=2.58),heuristic_screening,False,SCREENING_ONLY
2026-05-26T14:10:00.000000000,TB12,2.6221,power_output,Statistical anomaly (z=2.62),heuristic_screening,False,SCREENING_ONLY
2026-05-26T14:20:00.000000000,TB12,2.7136,power_output,Statistical anomaly (z=2.71),heuristic_screening,False,SCREENING_ONLY
2026-05-26T14:40:00.000000000,TB12,2.6357,power_output,Statistical anomaly (z=2.64),heuristic_screening,False,SCREENING_ONLY
2026-05-26T15:10:00.000000000,TB12,2.6117,power_output,Statistical anomaly (z=2.61),heuristic_screening,False,SCREENING_ONLY
2026-05-26T15:30:00.000000000,TB12,2.5043,power_output,Statistical anomaly (z=2.50),heuristic_screening,False,SCREENING_ONLY
2026-05-26T15:50:00.000000000,TB12,2.5823,power_output,Statistical anomaly (z=2.58),heuristic_screening,False,SCREENING_ONLY
2026-05-26T17:10:00.000000000,TB12,2.5876,power_output,Statistical anomaly (z=2.59),heuristic_screening,False,SCREENING_ONLY
2026-05-26T17:20:00.000000000,TB12,2.5599,power_output,Statistical anomaly (z=2.56),heuristic_screening,False,SCREENING_ONLY
2026-05-26T17:30:00.000000000,TB12,2.6688,power_output,Statistical anomaly (z=2.67),heuristic_screening,False,SCREENING_ONLY
2026-05-26T17:40:00.000000000,TB12,2.643,power_output,Statistical anomaly (z=2.64),heuristic_screening,False,SCREENING_ONLY
2026-05-27T16:10:00.000000000,TB12,2.6774,power_output,Statistical anomaly (z=2.68),heuristic_screening,False,SCREENING_ONLY
2026-05-27T16:20:00.000000000,TB12,2.5215,power_output,Statistical anomaly (z=2.52),heuristic_screening,False,SCREENING_ONLY
2026-05-29T01:40:00.000000000,TB12,2.6314,power_output,Statistical anomaly (z=2.63),heuristic_screening,False,SCREENING_ONLY
2026-06-01T08:10:00.000000000,TB12,2.6877,power_output,Statistical anomaly (z=2.69),heuristic_screening,False,SCREENING_ONLY
2026-06-03T11:50:00.000000000,TB12,2.5789,power_output,Statistical anomaly (z=2.58),heuristic_screening,False,SCREENING_ONLY
2026-06-03T12:00:00.000000000,TB12,2.6403,power_output,Statistical anomaly (z=2.64),heuristic_screening,False,SCREENING_ONLY
2026-06-03T13:00:00.000000000,TB12,2.7104,power_output,Statistical anomaly (z=2.71),heuristic_screening,False,SCREENING_ONLY
2026-06-03T14:40:00.000000000,TB12,2.7439,power_output,Statistical anomaly (z=2.74),heuristic_screening,False,SCREENING_ONLY
2026-06-03T14:50:00.000000000,TB12,2.7577,power_output,Statistical anomaly (z=2.76),heuristic_screening,False,SCREENING_ONLY
2026-06-03T15:40:00.000000000,TB12,2.7169,power_output,Statistical anomaly (z=2.72),heuristic_screening,False,SCREENING_ONLY
2026-06-03T15:50:00.000000000,TB12,2.6538,power_output,Statistical anomaly (z=2.65),heuristic_screening,False,SCREENING_ONLY
2026-06-05T13:50:00.000000000,TB12,2.5466,power_output,Statistical anomaly (z=2.55),heuristic_screening,False,SCREENING_ONLY
2026-06-05T14:10:00.000000000,TB12,2.6355,power_output,Statistical anomaly (z=2.64),heuristic_screening,False,SCREENING_ONLY
2026-06-05T14:20:00.000000000,TB12,2.5858,power_output,Statistical anomaly (z=2.59),heuristic_screening,False,SCREENING_ONLY
2026-06-05T14:30:00.000000000,TB12,2.6439,power_output,Statistical anomaly (z=2.64),heuristic_screening,False,SCREENING_ONLY
2026-06-05T14:40:00.000000000,TB12,2.6088,power_output,Statistical anomaly (z=2.61),heuristic_screening,False,SCREENING_ONLY
2026-06-05T14:50:00.000000000,TB12,2.6667,power_output,Statistical anomaly (z=2.67),heuristic_screening,False,SCREENING_ONLY
2026-06-05T15:00:00.000000000,TB12,2.6436,power_output,Statistical anomaly (z=2.64),heuristic_screening,False,SCREENING_ONLY
2026-06-05T15:10:00.000000000,TB12,2.7068,power_output,Statistical anomaly (z=2.71),heuristic_screening,False,SCREENING_ONLY
2026-06-05T15:20:00.000000000,TB12,2.5317,power_output,Statistical anomaly (z=2.53),heuristic_screening,False,SCREENING_ONLY
2026-06-06T12:00:00.000000000,TB12,2.5177,power_output,Statistical anomaly (z=2.52),heuristic_screening,False,SCREENING_ONLY
2026-06-23T13:20:00.000000000,TB12,2.5387,power_output,Statistical anomaly (z=2.54),heuristic_screening,False,SCREENING_ONLY
2026-06-23T13:30:00.000000000,TB12,2.5392,power_output,Statistical anomaly (z=2.54),heuristic_screening,False,SCREENING_ONLY
2026-06-23T13:40:00.000000000,TB12,2.5324,power_output,Statistical anomaly (z=2.53),heuristic_screening,False,SCREENING_ONLY
2026-06-23T13:50:00.000000000,TB12,2.5864,power_output,Statistical anomaly (z=2.59),heuristic_screening,False,SCREENING_ONLY
2026-06-23T14:10:00.000000000,TB12,2.5744,power_output,Statistical anomaly (z=2.57),heuristic_screening,False,SCREENING_ONLY
2026-06-23T14:20:00.000000000,TB12,2.7041,power_output,Statistical anomaly (z=2.70),heuristic_screening,False,SCREENING_ONLY
2026-06-23T14:30:00.000000000,TB12,2.721,power_output,Statistical anomaly (z=2.72),heuristic_screening,False,SCREENING_ONLY
2026-06-23T14:40:00.000000000,TB12,2.7475,power_output,Statistical anomaly (z=2.75),heuristic_screening,False,SCREENING_ONLY
2026-06-23T14:50:00.000000000,TB12,2.7561,power_output,Statistical anomaly (z=2.76),heuristic_screening,False,SCREENING_ONLY
2026-06-23T15:00:00.000000000,TB12,2.7568,power_output,Statistical anomaly (z=2.76),heuristic_screening,False,SCREENING_ONLY
2026-06-23T15:10:00.000000000,TB12,2.7565,power_output,Statistical anomaly (z=2.76),heuristic_screening,False,SCREENING_ONLY
2026-06-23T15:20:00.000000000,TB12,2.7567,power_output,Statistical anomaly (z=2.76),heuristic_screening,False,SCREENING_ONLY
2026-06-23T15:30:00.000000000,TB12,2.7495,power_output,Statistical anomaly (z=2.75),heuristic_screening,False,SCREENING_ONLY
2026-06-23T15:40:00.000000000,TB12,2.6851,power_output,Statistical anomaly (z=2.69),heuristic_screening,False,SCREENING_ONLY
2026-06-23T15:50:00.000000000,TB12,2.757,power_output,Statistical anomaly (z=2.76),heuristic_screening,False,SCREENING_ONLY
2026-06-23T16:20:00.000000000,TB12,2.7411,power_output,Statistical anomaly (z=2.74),heuristic_screening,False,SCREENING_ONLY
2026-06-23T16:30:00.000000000,TB12,2.6525,power_output,Statistical anomaly (z=2.65),heuristic_screening,False,SCREENING_ONLY
2026-06-24T11:50:00.000000000,TB12,2.6,power_output,Statistical anomaly (z=2.60),heuristic_screening,False,SCREENING_ONLY
2026-06-24T12:50:00.000000000,TB12,2.6649,power_output,Statistical anomaly (z=2.66),heuristic_screening,False,SCREENING_ONLY
2026-06-24T13:00:00.000000000,TB12,2.6532,power_output,Statistical anomaly (z=2.65),heuristic_screening,False,SCREENING_ONLY
2026-06-24T13:10:00.000000000,TB12,2.5955,power_output,Statistical anomaly (z=2.60),heuristic_screening,False,SCREENING_ONLY
2026-06-24T13:20:00.000000000,TB12,2.6194,power_output,Statistical anomaly (z=2.62),heuristic_screening,False,SCREENING_ONLY
2026-06-24T13:30:00.000000000,TB12,2.5278,power_output,Statistical anomaly (z=2.53),heuristic_screening,False,SCREENING_ONLY
2026-06-24T13:40:00.000000000,TB12,2.736,power_output,Statistical anomaly (z=2.74),heuristic_screening,False,SCREENING_ONLY
2026-06-24T13:50:00.000000000,TB12,2.7412,power_output,Statistical anomaly (z=2.74),heuristic_screening,False,SCREENING_ONLY
2026-06-24T14:00:00.000000000,TB12,2.7025,power_output,Statistical anomaly (z=2.70),heuristic_screening,False,SCREENING_ONLY
2026-06-24T14:10:00.000000000,TB12,2.7592,power_output,Statistical anomaly (z=2.76),heuristic_screening,False,SCREENING_ONLY
2026-06-24T14:20:00.000000000,TB12,2.7567,power_output,Statistical anomaly (z=2.76),heuristic_screening,False,SCREENING_ONLY
2026-06-24T14:30:00.000000000,TB12,2.7518,power_output,Statistical anomaly (z=2.75),heuristic_screening,False,SCREENING_ONLY
2026-06-24T14:40:00.000000000,TB12,2.7472,power_output,Statistical anomaly (z=2.75),heuristic_screening,False,SCREENING_ONLY
2026-06-24T14:50:00.000000000,TB12,2.7576,power_output,Statistical anomaly (z=2.76),heuristic_screening,False,SCREENING_ONLY
2026-06-24T15:00:00.000000000,TB12,2.7305,power_output,Statistical anomaly (z=2.73),heuristic_screening,False,SCREENING_ONLY
2026-06-24T15:10:00.000000000,TB12,2.7529,power_output,Statistical anomaly (z=2.75),heuristic_screening,False,SCREENING_ONLY
2026-06-24T15:20:00.000000000,TB12,2.7549,power_output,Statistical anomaly (z=2.75),heuristic_screening,False,SCREENING_ONLY
2026-06-24T15:30:00.000000000,TB12,2.705,power_output,Statistical anomaly (z=2.71),heuristic_screening,False,SCREENING_ONLY
2026-06-24T15:40:00.000000000,TB12,2.5242,power_output,Statistical anomaly (z=2.52),heuristic_screening,False,SCREENING_ONLY
2026-06-24T15:50:00.000000000,TB12,2.5964,power_output,Statistical anomaly (z=2.60),heuristic_screening,False,SCREENING_ONLY
2026-06-24T16:10:00.000000000,TB12,2.5882,power_output,Statistical anomaly (z=2.59),heuristic_screening,False,SCREENING_ONLY
2026-06-24T16:20:00.000000000,TB12,2.7237,power_output,Statistical anomaly (z=2.72),heuristic_screening,False,SCREENING_ONLY
2026-06-24T16:30:00.000000000,TB12,2.6701,power_output,Statistical anomaly (z=2.67),heuristic_screening,False,SCREENING_ONLY
2026-06-25T14:00:00.000000000,TB12,0.8275,power_output,Low power at high wind speed,heuristic_screening,False,SCREENING_ONLY
2026-07-01T00:20:00.000000000,TB12,2.5624,power_output,Statistical anomaly (z=2.56),heuristic_screening,False,SCREENING_ONLY
2026-07-01T01:30:00.000000000,TB12,2.7217,power_output,Statistical anomaly (z=2.72),heuristic_screening,False,SCREENING_ONLY
2026-07-01T05:00:00.000000000,TB12,2.6005,power_output,Statistical anomaly (z=2.60),heuristic_screening,False,SCREENING_ONLY
2026-07-01T06:20:00.000000000,TB12,2.5807,power_output,Statistical anomaly (z=2.58),heuristic_screening,False,SCREENING_ONLY
2026-07-01T06:40:00.000000000,TB12,2.5514,power_output,Statistical anomaly (z=2.55),heuristic_screening,False,SCREENING_ONLY
2026-07-01T07:10:00.000000000,TB12,2.5584,power_output,Statistical anomaly (z=2.56),heuristic_screening,False,SCREENING_ONLY
2026-07-01T07:20:00.000000000,TB12,2.5294,power_output,Statistical anomaly (z=2.53),heuristic_screening,False,SCREENING_ONLY
2026-07-01T08:10:00.000000000,TB12,2.6963,power_output,Statistical anomaly (z=2.70),heuristic_screening,False,SCREENING_ONLY
2026-07-01T08:30:00.000000000,TB12,2.5514,power_output,Statistical anomaly (z=2.55),heuristic_screening,False,SCREENING_ONLY
2026-07-01T08:50:00.000000000,TB12,2.6959,power_output,Statistical anomaly (z=2.70),heuristic_screening,False,SCREENING_ONLY
2026-07-01T09:10:00.000000000,TB12,2.6154,power_output,Statistical anomaly (z=2.62),heuristic_screening,False,SCREENING_ONLY
2026-07-01T09:20:00.000000000,TB12,2.6803,power_output,Statistical anomaly (z=2.68),heuristic_screening,False,SCREENING_ONLY
2026-07-01T09:30:00.000000000,TB12,2.5468,power_output,Statistical anomaly (z=2.55),heuristic_screening,False,SCREENING_ONLY
2026-07-01T09:40:00.000000000,TB12,2.7509,power_output,Statistical anomaly (z=2.75),heuristic_screening,False,SCREENING_ONLY
2026-07-01T10:10:00.000000000,TB12,2.7142,power_output,Statistical anomaly (z=2.71),heuristic_screening,False,SCREENING_ONLY
2026-07-01T10:20:00.000000000,TB12,2.7427,power_output,Statistical anomaly (z=2.74),heuristic_screening,False,SCREENING_ONLY
2026-07-01T10:30:00.000000000,TB12,2.5435,power_output,Statistical anomaly (z=2.54),heuristic_screening,False,SCREENING_ONLY
2026-07-01T10:40:00.000000000,TB12,2.7586,power_output,Statistical anomaly (z=2.76),heuristic_screening,False,SCREENING_ONLY
2026-07-01T10:50:00.000000000,TB12,2.6661,power_output,Statistical anomaly (z=2.67),heuristic_screening,False,SCREENING_ONLY
2026-07-01T11:00:00.000000000,TB12,2.6522,power_output,Statistical anomaly (z=2.65),heuristic_screening,False,SCREENING_ONLY
2026-07-01T11:10:00.000000000,TB12,2.7579,power_output,Statistical anomaly (z=2.76),heuristic_screening,False,SCREENING_ONLY
2026-07-01T11:20:00.000000000,TB12,2.7513,power_output,Statistical anomaly (z=2.75),heuristic_screening,False,SCREENING_ONLY
2026-07-01T11:30:00.000000000,TB12,2.7579,power_output,Statistical anomaly (z=2.76),heuristic_screening,False,SCREENING_ONLY
2026-07-01T11:40:00.000000000,TB12,2.7484,power_output,Statistical anomaly (z=2.75),heuristic_screening,False,SCREENING_ONLY
2026-07-01T11:50:00.000000000,TB12,2.6842,power_output,Statistical anomaly (z=2.68),heuristic_screening,False,SCREENING_ONLY
2026-07-01T12:00:00.000000000,TB12,2.7586,power_output,Statistical anomaly (z=2.76),heuristic_screening,False,SCREENING_ONLY
2026-07-01T12:10:00.000000000,TB12,2.7423,power_output,Statistical anomaly (z=2.74),heuristic_screening,False,SCREENING_ONLY
2026-07-01T12:20:00.000000000,TB12,2.6558,power_output,Statistical anomaly (z=2.66),heuristic_screening,False,SCREENING_ONLY
2026-07-01T12:30:00.000000000,TB12,2.6647,power_output,Statistical anomaly (z=2.66),heuristic_screening,False,SCREENING_ONLY
2026-07-01T13:00:00.000000000,TB12,2.5522,power_output,Statistical anomaly (z=2.55),heuristic_screening,False,SCREENING_ONLY
2026-07-01T13:30:00.000000000,TB12,2.6685,power_output,Statistical anomaly (z=2.67),heuristic_screening,False,SCREENING_ONLY
2026-07-01T13:50:00.000000000,TB12,2.5805,power_output,Statistical anomaly (z=2.58),heuristic_screening,False,SCREENING_ONLY
2026-07-01T14:20:00.000000000,TB12,2.5853,power_output,Statistical anomaly (z=2.59),heuristic_screening,False,SCREENING_ONLY
2026-07-01T14:30:00.000000000,TB12,2.5351,power_output,Statistical anomaly (z=2.54),heuristic_screening,False,SCREENING_ONLY
2026-07-01T14:40:00.000000000,TB12,2.531,power_output,Statistical anomaly (z=2.53),heuristic_screening,False,SCREENING_ONLY
2026-07-01T16:30:00.000000000,TB12,2.5462,power_output,Statistical anomaly (z=2.55),heuristic_screening,False,SCREENING_ONLY
2026-07-01T16:50:00.000000000,TB12,2.5242,power_output,Statistical anomaly (z=2.52),heuristic_screening,False,SCREENING_ONLY
2026-07-01T17:10:00.000000000,TB12,2.6031,power_output,Statistical anomaly (z=2.60),heuristic_screening,False,SCREENING_ONLY
2026-07-01T17:20:00.000000000,TB12,2.5968,power_output,Statistical anomaly (z=2.60),heuristic_screening,False,SCREENING_ONLY
2026-07-01T21:10:00.000000000,TB12,2.6889,power_output,Statistical anomaly (z=2.69),heuristic_screening,False,SCREENING_ONLY
2026-07-01T21:20:00.000000000,TB12,2.5167,power_output,Statistical anomaly (z=2.52),heuristic_screening,False,SCREENING_ONLY
2026-07-02T14:10:00.000000000,TB12,2.6305,power_output,Statistical anomaly (z=2.63),heuristic_screening,False,SCREENING_ONLY
2026-07-02T16:10:00.000000000,TB12,2.5012,power_output,Statistical anomaly (z=2.50),heuristic_screening,False,SCREENING_ONLY
2026-07-03T11:00:00.000000000,TB12,2.56,power_output,Statistical anomaly (z=2.56),heuristic_screening,False,SCREENING_ONLY
2026-07-03T13:00:00.000000000,TB12,2.7172,power_output,Statistical anomaly (z=2.72),heuristic_screening,False,SCREENING_ONLY
2026-07-03T13:10:00.000000000,TB12,2.6609,power_output,Statistical anomaly (z=2.66),heuristic_screening,False,SCREENING_ONLY
2026-07-03T13:20:00.000000000,TB12,2.7583,power_output,Statistical anomaly (z=2.76),heuristic_screening,False,SCREENING_ONLY
2026-07-03T13:30:00.000000000,TB12,2.6744,power_output,Statistical anomaly (z=2.67),heuristic_screening,False,SCREENING_ONLY
2026-07-03T13:40:00.000000000,TB12,2.7124,power_output,Statistical anomaly (z=2.71),heuristic_screening,False,SCREENING_ONLY
2026-07-03T13:50:00.000000000,TB12,2.5801,power_output,Statistical anomaly (z=2.58),heuristic_screening,False,SCREENING_ONLY
2026-07-03T14:00:00.000000000,TB12,2.5747,power_output,Statistical anomaly (z=2.57),heuristic_screening,False,SCREENING_ONLY
2026-07-03T14:10:00.000000000,TB12,2.5796,power_output,Statistical anomaly (z=2.58),heuristic_screening,False,SCREENING_ONLY
2026-07-03T14:30:00.000000000,TB12,2.5982,power_output,Statistical anomaly (z=2.60),heuristic_screening,False,SCREENING_ONLY
2026-07-03T14:40:00.000000000,TB12,2.5344,power_output,Statistical anomaly (z=2.53),heuristic_screening,False,SCREENING_ONLY
2026-07-03T14:50:00.000000000,TB12,2.5955,power_output,Statistical anomaly (z=2.60),heuristic_screening,False,SCREENING_ONLY
2026-07-03T15:00:00.000000000,TB12,2.7409,power_output,Statistical anomaly (z=2.74),heuristic_screening,False,SCREENING_ONLY
2026-07-03T15:10:00.000000000,TB12,2.6595,power_output,Statistical anomaly (z=2.66),heuristic_screening,False,SCREENING_ONLY
2026-07-03T15:20:00.000000000,TB12,2.6448,power_output,Statistical anomaly (z=2.64),heuristic_screening,False,SCREENING_ONLY
2026-07-03T15:30:00.000000000,TB12,2.6803,power_output,Statistical anomaly (z=2.68),heuristic_screening,False,SCREENING_ONLY
2026-07-03T15:40:00.000000000,TB12,2.6427,power_output,Statistical anomaly (z=2.64),heuristic_screening,False,SCREENING_ONLY
2026-07-03T15:50:00.000000000,TB12,2.6642,power_output,Statistical anomaly (z=2.66),heuristic_screening,False,SCREENING_ONLY
2026-07-03T16:00:00.000000000,TB12,2.7563,power_output,Statistical anomaly (z=2.76),heuristic_screening,False,SCREENING_ONLY
2026-07-03T16:10:00.000000000,TB12,2.581,power_output,Statistical anomaly (z=2.58),heuristic_screening,False,SCREENING_ONLY
2026-07-03T16:20:00.000000000,TB12,2.7316,power_output,Statistical anomaly (z=2.73),heuristic_screening,False,SCREENING_ONLY
2026-07-03T16:30:00.000000000,TB12,2.6837,power_output,Statistical anomaly (z=2.68),heuristic_screening,False,SCREENING_ONLY
2026-07-03T16:40:00.000000000,TB12,2.7291,power_output,Statistical anomaly (z=2.73),heuristic_screening,False,SCREENING_ONLY
2026-07-03T16:50:00.000000000,TB12,2.712,power_output,Statistical anomaly (z=2.71),heuristic_screening,False,SCREENING_ONLY
2026-07-03T17:20:00.000000000,TB12,2.6929,power_output,Statistical anomaly (z=2.69),heuristic_screening,False,SCREENING_ONLY
2026-07-03T17:30:00.000000000,TB12,2.7567,power_output,Statistical anomaly (z=2.76),heuristic_screening,False,SCREENING_ONLY
2026-07-03T18:10:00.000000000,TB12,2.5091,power_output,Statistical anomaly (z=2.51),heuristic_screening,False,SCREENING_ONLY
2026-07-05T14:40:00.000000000,TB12,2.5477,power_output,Statistical anomaly (z=2.55),heuristic_screening,False,SCREENING_ONLY
2026-07-05T15:10:00.000000000,TB12,2.6117,power_output,Statistical anomaly (z=2.61),heuristic_screening,False,SCREENING_ONLY
2026-07-05T16:10:00.000000000,TB12,2.7054,power_output,Statistical anomaly (z=2.71),heuristic_screening,False,SCREENING_ONLY
2026-07-05T16:30:00.000000000,TB12,2.5817,power_output,Statistical anomaly (z=2.58),heuristic_screening,False,SCREENING_ONLY
2026-07-05T16:40:00.000000000,TB12,2.5034,power_output,Statistical anomaly (z=2.50),heuristic_screening,False,SCREENING_ONLY
2026-07-06T14:00:00.000000000,TB12,2.5427,power_output,Statistical anomaly (z=2.54),heuristic_screening,False,SCREENING_ONLY
2026-07-06T14:20:00.000000000,TB12,2.6559,power_output,Statistical anomaly (z=2.66),heuristic_screening,False,SCREENING_ONLY
2026-07-06T14:30:00.000000000,TB12,2.5039,power_output,Statistical anomaly (z=2.50),heuristic_screening,False,SCREENING_ONLY
2026-07-06T15:00:00.000000000,TB12,2.5185,power_output,Statistical anomaly (z=2.52),heuristic_screening,False,SCREENING_ONLY
2026-07-21T15:30:00.000000000,TB12,2.5943,power_output,Statistical anomaly (z=2.59),heuristic_screening,False,SCREENING_ONLY
2026-07-21T15:40:00.000000000,TB12,2.7416,power_output,Statistical anomaly (z=2.74),heuristic_screening,False,SCREENING_ONLY
2026-07-21T15:50:00.000000000,TB12,2.6206,power_output,Statistical anomaly (z=2.62),heuristic_screening,False,SCREENING_ONLY
2026-07-21T16:00:00.000000000,TB12,2.745,power_output,Statistical anomaly (z=2.75),heuristic_screening,False,SCREENING_ONLY
2026-07-21T16:10:00.000000000,TB12,2.7208,power_output,Statistical anomaly (z=2.72),heuristic_screening,False,SCREENING_ONLY
2026-07-21T16:20:00.000000000,TB12,2.7565,power_output,Statistical anomaly (z=2.76),heuristic_screening,False,SCREENING_ONLY
2026-07-21T16:30:00.000000000,TB12,2.7572,power_output,Statistical anomaly (z=2.76),heuristic_screening,False,SCREENING_ONLY
2026-07-21T16:40:00.000000000,TB12,2.7574,power_output,Statistical anomaly (z=2.76),heuristic_screening,False,SCREENING_ONLY
2026-07-21T16:50:00.000000000,TB12,2.5375,power_output,Statistical anomaly (z=2.54),heuristic_screening,False,SCREENING_ONLY
2026-07-21T17:30:00.000000000,TB12,2.5181,power_output,Statistical anomaly (z=2.52),heuristic_screening,False,SCREENING_ONLY
2026-07-21T17:40:00.000000000,TB12,2.657,power_output,Statistical anomaly (z=2.66),heuristic_screening,False,SCREENING_ONLY
2026-07-21T19:10:00.000000000,TB12,2.5366,power_output,Statistical anomaly (z=2.54),heuristic_screening,False,SCREENING_ONLY
2026-07-22T11:50:00.000000000,TB12,2.7357,power_output,Statistical anomaly (z=2.74),heuristic_screening,False,SCREENING_ONLY
2026-07-22T12:00:00.000000000,TB12,2.7509,power_output,Statistical anomaly (z=2.75),heuristic_screening,False,SCREENING_ONLY
2026-07-22T12:10:00.000000000,TB12,2.6065,power_output,Statistical anomaly (z=2.61),heuristic_screening,False,SCREENING_ONLY
2026-07-22T12:40:00.000000000,TB12,2.7364,power_output,Statistical anomaly (z=2.74),heuristic_screening,False,SCREENING_ONLY
2026-07-22T12:50:00.000000000,TB12,2.6762,power_output,Statistical anomaly (z=2.68),heuristic_screening,False,SCREENING_ONLY
2026-07-22T13:00:00.000000000,TB12,2.7411,power_output,Statistical anomaly (z=2.74),heuristic_screening,False,SCREENING_ONLY
2026-07-22T13:10:00.000000000,TB12,2.742,power_output,Statistical anomaly (z=2.74),heuristic_screening,False,SCREENING_ONLY
2026-07-22T13:20:00.000000000,TB12,2.7482,power_output,Statistical anomaly (z=2.75),heuristic_screening,False,SCREENING_ONLY
2026-07-22T13:30:00.000000000,TB12,2.7411,power_output,Statistical anomaly (z=2.74),heuristic_screening,False,SCREENING_ONLY
2026-07-22T13:40:00.000000000,TB12,2.6801,power_output,Statistical anomaly (z=2.68),heuristic_screening,False,SCREENING_ONLY
2026-07-22T13:50:00.000000000,TB12,2.7538,power_output,Statistical anomaly (z=2.75),heuristic_screening,False,SCREENING_ONLY
2026-07-22T14:20:00.000000000,TB12,2.7567,power_output,Statistical anomaly (z=2.76),heuristic_screening,False,SCREENING_ONLY
2026-07-22T14:30:00.000000000,TB12,2.7524,power_output,Statistical anomaly (z=2.75),heuristic_screening,False,SCREENING_ONLY
2026-07-22T14:40:00.000000000,TB12,2.7561,power_output,Statistical anomaly (z=2.76),heuristic_screening,False,SCREENING_ONLY
2026-07-23T08:10:00.000000000,TB12,2.6774,power_output,Statistical anomaly (z=2.68),heuristic_screening,False,SCREENING_ONLY
2026-07-23T14:00:00.000000000,TB12,2.6394,power_output,Statistical anomaly (z=2.64),heuristic_screening,False,SCREENING_ONLY
2026-07-23T17:50:00.000000000,TB12,2.6704,power_output,Statistical anomaly (z=2.67),heuristic_screening,False,SCREENING_ONLY
2026-07-23T18:00:00.000000000,TB12,2.5731,power_output,Statistical anomaly (z=2.57),heuristic_screening,False,SCREENING_ONLY
2026-07-24T13:50:00.000000000,TB12,2.5584,power_output,Statistical anomaly (z=2.56),heuristic_screening,False,SCREENING_ONLY
2026-07-24T14:00:00.000000000,TB12,2.6303,power_output,Statistical anomaly (z=2.63),heuristic_screening,False,SCREENING_ONLY
