timestamp_issue,timestamp_target,horizon_min,farm_power_pred,farm_power_low,farm_power_high,farm_energy_pred,forecast_quality
2026-01-16,2026-01-16,10,852.8,29.68,2152.77,142.13,production
2026-01-16,2026-01-16,10,872.99,32.87,2157.18,145.5,production
2026-01-16,2026-01-16,30,1229.09,0.0,2200.0,614.54,production
2026-01-16,2026-01-16,30,1208.32,0.0,2200.0,604.16,production
2026-01-16,2026-01-16,60,1398.02,0.0,2200.0,1398.02,production
2026-01-16,2026-01-16,60,1345.0,0.0,2200.0,1345.0,production
2026-01-16,2026-01-16,360,2987.83,0.0,2200.0,17926.98,reference_only
2026-01-16,2026-01-16,360,3402.08,0.0,2200.0,20412.48,reference_only
2026-01-16,2026-01-16,1440,3701.23,0.0,2200.0,88829.52,reference_only
2026-01-16,2026-01-16,1440,3706.04,0.0,2200.0,88944.96,reference_only
2026-01-17,2026-01-17,10,3560.12,2527.88,2142.55,593.35,production
2026-01-17,2026-01-17,10,3595.92,2545.31,2158.71,599.32,production
2026-01-17,2026-01-17,30,3778.6,1817.08,2200.0,1889.3,production
2026-01-17,2026-01-17,30,4019.05,1226.7,2200.0,2009.53,production
2026-01-17,2026-01-17,60,3826.35,1226.48,2200.0,3826.35,production
2026-01-17,2026-01-17,60,4143.51,1222.95,2200.0,4143.51,production
2026-01-17,2026-01-17,360,4331.49,21.18,2200.0,25988.94,reference_only
2026-01-17,2026-01-17,360,4384.19,0.0,2200.0,26305.14,reference_only
2026-01-17,2026-01-17,1440,6111.01,191.31,2200.0,146664.24,reference_only
2026-01-17,2026-01-17,1440,5859.68,176.03,2200.0,140632.32,reference_only
2026-01-18,2026-01-18,10,3442.29,2294.0,2145.43,573.72,production
2026-01-18,2026-01-18,10,3489.92,2313.14,2170.53,581.65,production
2026-01-18,2026-01-18,30,3707.87,1544.78,2200.0,1853.93,production
2026-01-18,2026-01-18,30,3993.37,859.09,2200.0,1996.68,production
2026-01-18,2026-01-18,60,3882.47,966.89,2200.0,3882.47,production
2026-01-18,2026-01-18,60,4200.57,981.61,2200.0,4200.57,production
2026-01-18,2026-01-18,360,4381.26,47.5,2200.0,26287.56,reference_only
2026-01-18,2026-01-18,360,4360.07,5.85,2200.0,26160.42,reference_only
2026-01-18,2026-01-18,1440,6175.04,159.87,2200.0,148200.96,reference_only
2026-01-18,2026-01-18,1440,5770.59,129.96,2200.0,138494.16,reference_only
2026-01-19,2026-01-19,10,6126.97,4796.38,2191.77,1021.16,production
2026-01-19,2026-01-19,10,6146.77,4823.45,2190.12,1024.46,production
2026-01-19,2026-01-19,30,6224.86,3859.32,2200.0,3112.43,production
2026-01-19,2026-01-19,30,6310.47,3189.45,2200.0,3155.24,production
2026-01-19,2026-01-19,60,6238.42,3015.8,2200.0,6238.42,production
2026-01-19,2026-01-19,60,6235.47,3014.5,2200.0,6235.47,production
2026-01-19,2026-01-19,360,5729.01,249.99,2200.0,34374.06,reference_only
2026-01-19,2026-01-19,360,5133.03,17.08,2200.0,30798.18,reference_only
2026-01-19,2026-01-19,1440,7824.22,1031.63,2200.0,187781.28,reference_only
2026-01-19,2026-01-19,1440,8063.81,1154.68,2200.0,193531.44,reference_only
2026-01-20,2026-01-20,10,6799.04,5457.99,2179.59,1133.17,production
2026-01-20,2026-01-20,10,6802.68,5466.22,2185.93,1133.78,production
2026-01-20,2026-01-20,30,6804.67,4432.25,2200.0,3402.34,production
2026-01-20,2026-01-20,30,6917.54,3847.12,2200.0,3458.77,production
2026-01-20,2026-01-20,60,6528.88,3423.59,2200.0,6528.88,production
2026-01-20,2026-01-20,60,6508.34,3401.23,2200.0,6508.34,production
2026-01-20,2026-01-20,360,6798.88,624.66,2200.0,40793.28,reference_only
2026-01-20,2026-01-20,360,6939.9,283.42,2200.0,41639.4,reference_only
2026-01-20,2026-01-20,1440,7582.98,1382.67,2200.0,181991.52,reference_only
2026-01-20,2026-01-20,1440,7772.61,1495.75,2200.0,186542.64,reference_only
2026-01-21,2026-01-21,10,9117.58,7511.34,2198.54,1519.6,production
2026-01-21,2026-01-21,10,9125.4,7540.44,2197.95,1520.9,production
2026-01-21,2026-01-21,30,8946.27,5955.7,2200.0,4473.14,production
2026-01-21,2026-01-21,30,8995.27,4934.02,2200.0,4497.64,production
2026-01-21,2026-01-21,60,8827.11,4634.56,2200.0,8827.11,production
2026-01-21,2026-01-21,60,8860.01,4701.12,2200.0,8860.01,production
2026-01-21,2026-01-21,360,8290.91,2196.59,2200.0,49745.46,reference_only
2026-01-21,2026-01-21,360,8386.96,1628.86,2200.0,50321.76,reference_only
2026-01-21,2026-01-21,1440,8261.82,1061.65,2200.0,198283.68,reference_only
2026-01-21,2026-01-21,1440,8618.58,1312.11,2200.0,206845.92,reference_only
2026-01-22,2026-01-22,10,10826.79,9168.14,2200.0,1804.47,production
2026-01-22,2026-01-22,10,10784.38,9151.03,2200.0,1797.4,production
2026-01-22,2026-01-22,30,10561.98,7306.76,2200.0,5280.99,production
2026-01-22,2026-01-22,30,10503.01,5707.89,2200.0,5251.51,production
2026-01-22,2026-01-22,60,10216.66,5494.5,2200.0,10216.66,production
2026-01-22,2026-01-22,60,10233.8,5543.73,2200.0,10233.8,production
2026-01-22,2026-01-22,360,7907.15,986.76,2200.0,47442.9,reference_only
2026-01-22,2026-01-22,360,7695.32,510.18,2200.0,46171.92,reference_only
2026-01-22,2026-01-22,1440,8754.56,839.04,2200.0,210109.44,reference_only
2026-01-22,2026-01-22,1440,8570.45,771.23,2200.0,205690.8,reference_only
2026-01-23,2026-01-23,10,15682.51,14023.86,2200.0,2613.75,production
2026-01-23,2026-01-23,10,15676.3,14042.94,2200.0,2612.72,production
2026-01-23,2026-01-23,30,14983.35,11728.13,2200.0,7491.68,production
2026-01-23,2026-01-23,30,14988.72,10182.4,2200.0,7494.36,production
2026-01-23,2026-01-23,60,14056.97,9329.39,2200.0,14056.97,production
2026-01-23,2026-01-23,60,14260.9,9569.27,2200.0,14260.9,production
2026-01-23,2026-01-23,360,12035.11,4252.03,2200.0,72210.66,reference_only
2026-01-23,2026-01-23,360,11999.67,3553.72,2200.0,71998.02,reference_only
2026-01-23,2026-01-23,1440,9961.35,1532.18,2200.0,239072.4,reference_only
2026-01-23,2026-01-23,1440,9536.0,1400.33,2200.0,228864.0,reference_only
2026-01-24,2026-01-24,10,12472.69,10814.05,2200.0,2078.78,production
2026-01-24,2026-01-24,10,12480.18,10846.82,2200.0,2080.03,production
2026-01-24,2026-01-24,30,12045.77,8790.55,2200.0,6022.89,production
2026-01-24,2026-01-24,30,11984.91,7178.59,2200.0,5992.45,production
2026-01-24,2026-01-24,60,11616.92,6889.34,2200.0,11616.92,production
2026-01-24,2026-01-24,60,11694.71,7003.09,2200.0,11694.71,production
2026-01-24,2026-01-24,360,9660.08,2019.21,2200.0,57960.48,reference_only
2026-01-24,2026-01-24,360,10273.59,1746.17,2200.0,61641.54,reference_only
2026-01-24,2026-01-24,1440,9153.78,1109.03,2200.0,219690.72,reference_only
2026-01-24,2026-01-24,1440,8710.36,919.28,2200.0,209048.64,reference_only
2026-01-25,2026-01-25,10,7352.37,5696.94,2200.0,1225.39,production
2026-01-25,2026-01-25,10,7335.44,5704.57,2200.0,1222.57,production
2026-01-25,2026-01-25,30,7380.88,4159.01,2200.0,3690.44,production
2026-01-25,2026-01-25,30,7247.57,2777.2,2200.0,3623.78,production
2026-01-25,2026-01-25,60,7190.83,2703.82,2200.0,7190.83,production
2026-01-25,2026-01-25,60,7243.12,2780.71,2200.0,7243.12,production
2026-01-25,2026-01-25,360,8956.87,2177.49,2200.0,53741.22,reference_only
2026-01-25,2026-01-25,360,9578.86,1849.07,2200.0,57473.16,reference_only
2026-01-25,2026-01-25,1440,7463.89,604.08,2200.0,179133.36,reference_only
2026-01-25,2026-01-25,1440,7552.18,569.53,2200.0,181252.32,reference_only
2026-01-26,2026-01-26,10,10238.84,8580.2,2200.0,1706.47,production
2026-01-26,2026-01-26,10,10242.04,8608.68,2200.0,1707.01,production
2026-01-26,2026-01-26,30,9956.27,6718.29,2200.0,4978.14,production
2026-01-26,2026-01-26,30,9885.34,5193.41,2200.0,4942.67,production
2026-01-26,2026-01-26,60,9609.9,4965.84,2200.0,9609.9,production
2026-01-26,2026-01-26,60,9594.76,4978.38,2200.0,9594.76,production
2026-01-26,2026-01-26,360,8044.94,1573.38,2200.0,48269.64,reference_only
2026-01-26,2026-01-26,360,8336.51,1188.06,2200.0,50019.06,reference_only
2026-01-26,2026-01-26,1440,8606.72,1422.41,2200.0,206561.28,reference_only
2026-01-26,2026-01-26,1440,8611.97,1430.79,2200.0,206687.28,reference_only
2026-01-27,2026-01-27,10,7131.86,5473.21,2200.0,1188.64,production
2026-01-27,2026-01-27,10,7140.21,5506.85,2200.0,1190.04,production
2026-01-27,2026-01-27,30,7099.8,3905.06,2200.0,3549.9,production
2026-01-27,2026-01-27,30,7060.48,2854.95,2200.0,3530.24,production
2026-01-27,2026-01-27,60,6936.48,2657.78,2200.0,6936.48,production
2026-01-27,2026-01-27,60,6876.45,2660.96,2200.0,6876.45,production
2026-01-27,2026-01-27,360,6962.41,836.62,2200.0,41774.46,reference_only
2026-01-27,2026-01-27,360,6953.76,640.16,2200.0,41722.56,reference_only
2026-01-27,2026-01-27,1440,7537.49,1104.01,2200.0,180899.76,reference_only
2026-01-27,2026-01-27,1440,7436.67,1091.26,2200.0,178480.08,reference_only
2026-01-28,2026-01-28,10,11415.6,9769.48,2200.0,1902.6,production
2026-01-28,2026-01-28,10,11396.83,9774.89,2200.0,1899.47,production
2026-01-28,2026-01-28,30,11015.49,7842.81,2200.0,5507.74,production
2026-01-28,2026-01-28,30,11009.34,6540.09,2200.0,5504.67,production
2026-01-28,2026-01-28,60,10638.82,6193.07,2200.0,10638.82,production
2026-01-28,2026-01-28,60,10609.63,6203.94,2200.0,10609.63,production
2026-01-28,2026-01-28,360,9565.2,2144.04,2200.0,57391.2,reference_only
2026-01-28,2026-01-28,360,9323.04,1491.04,2200.0,55938.24,reference_only
2026-01-28,2026-01-28,1440,8831.01,1748.03,2200.0,211944.24,reference_only
2026-01-28,2026-01-28,1440,8834.54,1786.23,2200.0,212028.96,reference_only
2026-01-29,2026-01-29,10,9324.83,7666.19,2200.0,1554.14,production
2026-01-29,2026-01-29,10,9336.93,7703.57,2200.0,1556.15,production
2026-01-29,2026-01-29,30,9118.71,5885.55,2200.0,4559.35,production
2026-01-29,2026-01-29,30,9085.47,4446.95,2200.0,4542.73,production
2026-01-29,2026-01-29,60,8640.25,4054.49,2200.0,8640.25,production
2026-01-29,2026-01-29,60,8694.03,4121.76,2200.0,8694.03,production
2026-01-29,2026-01-29,360,10105.13,3087.02,2200.0,60630.78,reference_only
2026-01-29,2026-01-29,360,9766.6,1944.17,2200.0,58599.6,reference_only
2026-01-29,2026-01-29,1440,8056.14,1136.5,2200.0,193347.36,reference_only
2026-01-29,2026-01-29,1440,7975.75,1189.22,2200.0,191418.0,reference_only
2026-01-30,2026-01-30,10,7777.13,6187.49,2196.24,1296.19,production
2026-01-30,2026-01-30,10,7792.36,6225.36,2196.66,1298.73,production
2026-01-30,2026-01-30,30,7766.79,4887.86,2200.0,3883.39,production
2026-01-30,2026-01-30,30,7771.89,3991.32,2200.0,3885.95,production
2026-01-30,2026-01-30,60,7573.57,3733.81,2200.0,7573.57,production
2026-01-30,2026-01-30,60,7607.78,3762.85,2200.0,7607.78,production
2026-01-30,2026-01-30,360,8080.74,1395.79,2200.0,48484.44,reference_only
2026-01-30,2026-01-30,360,7946.95,1056.6,2200.0,47681.7,reference_only
2026-01-30,2026-01-30,1440,7470.63,1235.74,2200.0,179295.12,reference_only
2026-01-30,2026-01-30,1440,7634.87,1308.49,2200.0,183236.88,reference_only
2026-01-31,2026-01-31,10,6963.37,5479.09,2183.5,1160.56,production
2026-01-31,2026-01-31,10,6959.04,5487.38,2188.6,1159.84,production
2026-01-31,2026-01-31,30,6963.03,4195.12,2200.0,3481.51,production
2026-01-31,2026-01-31,30,6975.45,3197.37,2200.0,3487.72,production
2026-01-31,2026-01-31,60,6980.91,3172.53,2200.0,6980.91,production
2026-01-31,2026-01-31,60,7103.91,3291.81,2200.0,7103.91,production
2026-01-31,2026-01-31,360,7227.94,1166.12,2200.0,43367.64,reference_only
2026-01-31,2026-01-31,360,6959.45,639.71,2200.0,41756.7,reference_only
2026-01-31,2026-01-31,1440,7345.12,658.59,2200.0,176282.88,reference_only
2026-01-31,2026-01-31,1440,7474.33,617.44,2200.0,179383.92,reference_only
2026-02-01,2026-02-01,10,12926.95,11268.3,2200.0,2154.49,production
2026-02-01,2026-02-01,10,12878.11,11244.75,2200.0,2146.35,production
2026-02-01,2026-02-01,30,12493.7,9249.28,2200.0,6246.85,production
2026-02-01,2026-02-01,30,12487.88,7708.07,2200.0,6243.94,production
2026-02-01,2026-02-01,60,12419.28,7725.0,2200.0,12419.28,production
2026-02-01,2026-02-01,60,12598.7,7929.14,2200.0,12598.7,production
2026-02-01,2026-02-01,360,11741.94,4102.27,2200.0,70451.64,reference_only
2026-02-01,2026-02-01,360,11574.36,3067.0,2200.0,69446.16,reference_only
2026-02-01,2026-02-01,1440,9206.96,1015.32,2200.0,220967.04,reference_only
2026-02-01,2026-02-01,1440,9626.82,1322.68,2200.0,231043.68,reference_only
2026-02-02,2026-02-02,10,13867.53,12208.89,2200.0,2311.26,production
2026-02-02,2026-02-02,10,13847.91,12214.55,2200.0,2307.99,production
2026-02-02,2026-02-02,30,13475.9,10220.67,2200.0,6737.95,production
2026-02-02,2026-02-02,30,13467.44,8672.12,2200.0,6733.72,production
2026-02-02,2026-02-02,60,12882.16,8156.35,2200.0,12882.16,production
2026-02-02,2026-02-02,60,12975.43,8284.93,2200.0,12975.43,production
2026-02-02,2026-02-02,360,11480.72,3764.79,2200.0,68884.32,reference_only
2026-02-02,2026-02-02,360,10959.82,2831.01,2200.0,65758.92,reference_only
2026-02-02,2026-02-02,1440,10367.79,2116.77,2200.0,248826.96,reference_only
2026-02-02,2026-02-02,1440,10311.21,1903.17,2200.0,247469.04,reference_only
2026-02-03,2026-02-03,10,806.62,101.16,2096.72,134.44,production
2026-02-03,2026-02-03,10,951.98,97.87,2162.29,158.66,production
2026-02-03,2026-02-03,30,1133.43,0.51,2200.0,566.72,production
2026-02-03,2026-02-03,30,2641.17,3.03,2200.0,1320.59,production
2026-02-03,2026-02-03,60,1421.85,0.0,2200.0,1421.85,production
2026-02-03,2026-02-03,60,2152.99,0.0,2200.0,2152.99,production
2026-02-03,2026-02-03,360,4123.76,45.74,2200.0,24742.56,reference_only
2026-02-03,2026-02-03,360,4361.18,114.61,2200.0,26167.08,reference_only
2026-02-03,2026-02-03,1440,4510.33,10.6,2200.0,108247.92,reference_only
2026-02-03,2026-02-03,1440,4512.95,165.01,2200.0,108310.8,reference_only
2026-02-04,2026-02-04,10,6908.24,5754.91,2154.55,1151.37,production
2026-02-04,2026-02-04,10,6907.59,5742.06,2174.71,1151.26,production
2026-02-04,2026-02-04,30,7001.85,4842.79,2200.0,3500.93,production
2026-02-04,2026-02-04,30,6971.21,4128.5,2200.0,3485.61,production
2026-02-04,2026-02-04,60,6680.07,3761.98,2200.0,6680.07,production
2026-02-04,2026-02-04,60,6786.69,3740.8,2200.0,6786.69,production
2026-02-04,2026-02-04,360,5777.1,447.39,2200.0,34662.6,reference_only
2026-02-04,2026-02-04,360,6376.29,111.5,2200.0,38257.74,reference_only
2026-02-04,2026-02-04,1440,7209.69,877.34,2200.0,173032.56,reference_only
2026-02-04,2026-02-04,1440,7498.32,1153.67,2200.0,179959.68,reference_only
2026-02-05,2026-02-05,10,7147.64,5903.39,2170.68,1191.27,production
2026-02-05,2026-02-05,10,7148.62,5909.26,2177.27,1191.44,production
2026-02-05,2026-02-05,30,7299.04,5046.63,2200.0,3649.52,production
2026-02-05,2026-02-05,30,7396.09,4418.54,2200.0,3698.05,production
2026-02-05,2026-02-05,60,7352.28,4266.61,2200.0,7352.28,production
2026-02-05,2026-02-05,60,7506.04,4383.95,2200.0,7506.04,production
2026-02-05,2026-02-05,360,8078.04,1743.65,2200.0,48468.24,reference_only
2026-02-05,2026-02-05,360,9112.04,1977.24,2200.0,54672.24,reference_only
2026-02-05,2026-02-05,1440,7846.83,1515.8,2200.0,188323.92,reference_only
2026-02-05,2026-02-05,1440,8209.36,1709.46,2200.0,197024.64,reference_only
2026-02-06,2026-02-06,10,1126.63,226.89,2129.75,187.77,production
2026-02-06,2026-02-06,10,1157.87,242.45,2141.4,192.98,production
2026-02-06,2026-02-06,30,1454.4,63.91,2200.0,727.2,production
2026-02-06,2026-02-06,30,1661.13,22.35,2200.0,830.57,production
2026-02-06,2026-02-06,60,1795.82,28.38,2200.0,1795.82,production
2026-02-06,2026-02-06,60,1957.35,15.98,2200.0,1957.35,production
2026-02-06,2026-02-06,360,4050.15,334.1,2200.0,24300.9,reference_only
2026-02-06,2026-02-06,360,4601.8,226.01,2200.0,27610.8,reference_only
2026-02-06,2026-02-06,1440,4621.72,0.0,2200.0,110921.28,reference_only
2026-02-06,2026-02-06,1440,4233.36,0.0,2200.0,101600.64,reference_only
2026-02-07,2026-02-07,10,7774.6,6115.96,2200.0,1295.77,production
2026-02-07,2026-02-07,10,7684.79,6051.44,2200.0,1280.8,production
2026-02-07,2026-02-07,30,7818.47,4585.81,2200.0,3909.24,production
2026-02-07,2026-02-07,30,8124.61,3581.4,2200.0,4062.3,production
2026-02-07,2026-02-07,60,8205.0,3567.36,2200.0,8205.0,production
2026-02-07,2026-02-07,60,7911.38,3354.32,2200.0,7911.38,production
2026-02-07,2026-02-07,360,7963.54,1253.96,2200.0,47781.24,reference_only
2026-02-07,2026-02-07,360,7285.85,641.35,2200.0,43715.1,reference_only
2026-02-07,2026-02-07,1440,6617.88,157.2,2200.0,158829.12,reference_only
2026-02-07,2026-02-07,1440,6698.79,287.32,2200.0,160770.96,reference_only
2026-02-08,2026-02-08,10,693.73,211.19,2048.07,115.62,production
2026-02-08,2026-02-08,10,1166.58,196.63,2196.5,194.43,production
2026-02-08,2026-02-08,30,1027.57,86.06,2200.0,513.78,production
2026-02-08,2026-02-08,30,4716.37,0.0,2200.0,2358.18,production
2026-02-08,2026-02-08,60,1294.21,9.99,2200.0,1294.21,production
2026-02-08,2026-02-08,60,3102.22,28.05,2200.0,3102.22,production
2026-02-08,2026-02-08,360,5757.17,43.43,2200.0,34543.02,reference_only
2026-02-08,2026-02-08,360,5556.95,0.0,2200.0,33341.7,reference_only
2026-02-08,2026-02-08,1440,4614.52,43.58,2200.0,110748.48,reference_only
2026-02-08,2026-02-08,1440,4714.49,65.02,2200.0,113147.76,reference_only
2026-02-09,2026-02-09,10,378.33,0.0,2036.98,63.05,production
2026-02-09,2026-02-09,10,866.4,0.0,2200.0,144.4,production
2026-02-09,2026-02-09,30,726.61,0.0,2200.0,363.31,production
2026-02-09,2026-02-09,30,4806.32,0.0,2200.0,2403.16,production
2026-02-09,2026-02-09,60,1007.45,0.0,2200.0,1007.45,production
2026-02-09,2026-02-09,60,2947.76,0.0,2200.0,2947.76,production
2026-02-09,2026-02-09,360,3386.41,0.0,2200.0,20318.46,reference_only
2026-02-09,2026-02-09,360,6434.55,229.36,2200.0,38607.3,reference_only
2026-02-09,2026-02-09,1440,3987.55,0.0,2200.0,95701.2,reference_only
2026-02-09,2026-02-09,1440,4082.92,0.0,2200.0,97990.08,reference_only
2026-02-10,2026-02-10,10,378.33,0.0,2036.98,63.05,production
2026-02-10,2026-02-10,10,866.4,0.0,2200.0,144.4,production
2026-02-10,2026-02-10,30,726.61,0.0,2200.0,363.31,production
2026-02-10,2026-02-10,30,4806.32,0.0,2200.0,2403.16,production
2026-02-10,2026-02-10,60,1007.45,0.0,2200.0,1007.45,production
2026-02-10,2026-02-10,60,2947.76,0.0,2200.0,2947.76,production
2026-02-10,2026-02-10,360,3022.19,0.0,2200.0,18133.14,reference_only
2026-02-10,2026-02-10,360,6342.97,229.36,2200.0,38057.82,reference_only
2026-02-10,2026-02-10,1440,3987.55,0.0,2200.0,95701.2,reference_only
2026-02-10,2026-02-10,1440,4082.92,0.0,2200.0,97990.08,reference_only
2026-02-11,2026-02-11,10,378.33,0.0,2036.98,63.05,production
2026-02-11,2026-02-11,10,866.4,0.0,2200.0,144.4,production
2026-02-11,2026-02-11,30,726.61,0.0,2200.0,363.31,production
2026-02-11,2026-02-11,30,4806.32,0.0,2200.0,2403.16,production
2026-02-11,2026-02-11,60,1007.45,0.0,2200.0,1007.45,production
2026-02-11,2026-02-11,60,2947.76,0.0,2200.0,2947.76,production
2026-02-11,2026-02-11,360,3022.19,0.0,2200.0,18133.14,reference_only
2026-02-11,2026-02-11,360,6342.97,229.36,2200.0,38057.82,reference_only
2026-02-11,2026-02-11,1440,3987.55,0.0,2200.0,95701.2,reference_only
2026-02-11,2026-02-11,1440,4082.92,0.0,2200.0,97990.08,reference_only
2026-02-12,2026-02-12,10,378.33,0.0,2036.98,63.05,production
2026-02-12,2026-02-12,10,866.4,0.0,2200.0,144.4,production
2026-02-12,2026-02-12,30,726.61,0.0,2200.0,363.31,production
2026-02-12,2026-02-12,30,4806.32,0.0,2200.0,2403.16,production
2026-02-12,2026-02-12,60,1007.45,0.0,2200.0,1007.45,production
2026-02-12,2026-02-12,60,2947.76,0.0,2200.0,2947.76,production
2026-02-12,2026-02-12,360,3022.19,0.0,2200.0,18133.14,reference_only
2026-02-12,2026-02-12,360,6342.97,229.36,2200.0,38057.82,reference_only
2026-02-12,2026-02-12,1440,3987.55,0.0,2200.0,95701.2,reference_only
2026-02-12,2026-02-12,1440,4082.92,0.0,2200.0,97990.08,reference_only
2026-02-13,2026-02-13,10,6700.68,5242.81,2189.77,1116.78,production
2026-02-13,2026-02-13,10,6699.73,5247.97,2198.08,1116.62,production
2026-02-13,2026-02-13,30,6961.75,4225.98,2200.0,3480.88,production
2026-02-13,2026-02-13,30,6923.54,3231.45,2200.0,3461.77,production
2026-02-13,2026-02-13,60,7153.86,3287.45,2200.0,7153.86,production
2026-02-13,2026-02-13,60,7130.38,3265.59,2200.0,7130.38,production
2026-02-13,2026-02-13,360,6832.77,833.46,2200.0,40996.62,reference_only
2026-02-13,2026-02-13,360,7359.78,607.63,2200.0,44158.68,reference_only
2026-02-13,2026-02-13,1440,7359.68,496.39,2200.0,176632.32,reference_only
2026-02-13,2026-02-13,1440,7580.41,686.21,2200.0,181929.84,reference_only
2026-02-14,2026-02-14,10,7706.78,6138.01,2196.07,1284.46,production
2026-02-14,2026-02-14,10,7674.34,6128.77,2195.26,1279.06,production
2026-02-14,2026-02-14,30,7793.85,4839.82,2200.0,3896.93,production
2026-02-14,2026-02-14,30,7782.2,3679.23,2200.0,3891.1,production
2026-02-14,2026-02-14,60,7724.38,3576.88,2200.0,7724.38,production
2026-02-14,2026-02-14,60,7797.7,3680.53,2200.0,7797.7,production
2026-02-14,2026-02-14,360,6795.58,1093.66,2200.0,40773.48,reference_only
2026-02-14,2026-02-14,360,7416.84,941.15,2200.0,44501.04,reference_only
2026-02-14,2026-02-14,1440,8314.84,1201.28,2200.0,199556.16,reference_only
2026-02-14,2026-02-14,1440,8024.92,957.05,2200.0,192598.08,reference_only
2026-02-15,2026-02-15,10,11330.33,9687.4,2200.0,1888.39,production
2026-02-15,2026-02-15,10,11308.51,9688.3,2200.0,1884.75,production
2026-02-15,2026-02-15,30,11181.24,7977.18,2200.0,5590.62,production
2026-02-15,2026-02-15,30,11134.68,6595.01,2200.0,5567.34,production
2026-02-15,2026-02-15,60,10962.91,6417.29,2200.0,10962.91,production
2026-02-15,2026-02-15,60,10986.67,6468.45,2200.0,10986.67,production
2026-02-15,2026-02-15,360,9761.97,2715.44,2200.0,58571.82,reference_only
2026-02-15,2026-02-15,360,9964.3,2231.27,2200.0,59785.8,reference_only
2026-02-15,2026-02-15,1440,9225.43,1387.52,2200.0,221410.32,reference_only
2026-02-15,2026-02-15,1440,9026.22,1314.93,2200.0,216629.28,reference_only
2026-02-16,2026-02-16,10,12642.06,10983.42,2200.0,2107.01,production
2026-02-16,2026-02-16,10,12613.04,10979.72,2200.0,2102.17,production
2026-02-16,2026-02-16,30,12548.07,9299.3,2200.0,6274.03,production
2026-02-16,2026-02-16,30,12515.09,7785.19,2200.0,6257.55,production
2026-02-16,2026-02-16,60,12295.89,7594.83,2200.0,12295.89,production
2026-02-16,2026-02-16,60,12420.31,7752.48,2200.0,12420.31,production
2026-02-16,2026-02-16,360,11272.45,3769.34,2200.0,67634.7,reference_only
2026-02-16,2026-02-16,360,10894.71,2699.47,2200.0,65368.26,reference_only
2026-02-16,2026-02-16,1440,10360.74,1968.32,2200.0,248657.76,reference_only
2026-02-16,2026-02-16,1440,10239.37,1817.35,2200.0,245744.88,reference_only
2026-02-17,2026-02-17,10,14471.63,12812.99,2200.0,2411.94,production
2026-02-17,2026-02-17,10,14473.3,12839.94,2200.0,2412.22,production
2026-02-17,2026-02-17,30,14656.79,11401.57,2200.0,7328.4,production
2026-02-17,2026-02-17,30,14762.47,9956.15,2200.0,7381.23,production
2026-02-17,2026-02-17,60,14744.9,10017.32,2200.0,14744.9,production
2026-02-17,2026-02-17,60,14568.58,9876.96,2200.0,14568.58,production
2026-02-17,2026-02-17,360,13303.98,5416.41,2200.0,79823.88,reference_only
2026-02-17,2026-02-17,360,12876.98,4264.84,2200.0,77261.88,reference_only
2026-02-17,2026-02-17,1440,11368.64,2306.6,2200.0,272847.36,reference_only
2026-02-17,2026-02-17,1440,11482.32,2339.0,2200.0,275575.68,reference_only
2026-02-18,2026-02-18,10,16304.36,14645.72,2200.0,2717.39,production
2026-02-18,2026-02-18,10,16312.99,14679.63,2200.0,2718.83,production
2026-02-18,2026-02-18,30,16245.59,12998.55,2200.0,8122.8,production
2026-02-18,2026-02-18,30,16351.53,11617.29,2200.0,8175.77,production
2026-02-18,2026-02-18,60,15952.92,11277.52,2200.0,15952.92,production
2026-02-18,2026-02-18,60,15950.34,11306.02,2200.0,15950.34,production
2026-02-18,2026-02-18,360,13220.97,5292.08,2200.0,79325.82,reference_only
2026-02-18,2026-02-18,360,13586.17,4670.97,2200.0,81517.02,reference_only
2026-02-18,2026-02-18,1440,12390.21,3862.13,2200.0,297365.04,reference_only
2026-02-18,2026-02-18,1440,12585.84,3893.17,2200.0,302060.16,reference_only
2026-02-19,2026-02-19,10,14273.69,12615.04,2200.0,2378.95,production
2026-02-19,2026-02-19,10,14260.55,12627.2,2200.0,2376.76,production
2026-02-19,2026-02-19,30,14318.87,11063.65,2200.0,7159.44,production
2026-02-19,2026-02-19,30,14300.02,9502.02,2200.0,7150.01,production
2026-02-19,2026-02-19,60,14211.45,9483.88,2200.0,14211.45,production
2026-02-19,2026-02-19,60,14162.21,9472.48,2200.0,14162.21,production
2026-02-19,2026-02-19,360,14559.77,6639.31,2200.0,87358.62,reference_only
2026-02-19,2026-02-19,360,14997.31,6087.08,2200.0,89983.86,reference_only
2026-02-19,2026-02-19,1440,11595.33,2590.5,2200.0,278287.92,reference_only
2026-02-19,2026-02-19,1440,11857.58,2756.7,2200.0,284581.92,reference_only
2026-02-20,2026-02-20,10,12790.4,11131.75,2200.0,2131.73,production
2026-02-20,2026-02-20,10,12801.73,11168.37,2200.0,2133.62,production
2026-02-20,2026-02-20,30,12865.97,9627.16,2200.0,6432.98,production
2026-02-20,2026-02-20,30,12780.86,8127.47,2200.0,6390.43,production
2026-02-20,2026-02-20,60,12781.29,8122.59,2200.0,12781.29,production
2026-02-20,2026-02-20,60,12475.41,7841.69,2200.0,12475.41,production
2026-02-20,2026-02-20,360,12000.78,4228.04,2200.0,72004.68,reference_only
2026-02-20,2026-02-20,360,12363.32,3711.0,2200.0,74179.92,reference_only
2026-02-20,2026-02-20,1440,10179.55,1756.08,2200.0,244309.2,reference_only
2026-02-20,2026-02-20,1440,10330.9,1838.08,2200.0,247941.6,reference_only
2026-02-21,2026-02-21,10,7785.46,6185.1,2198.5,1297.58,production
2026-02-21,2026-02-21,10,7787.06,6211.62,2198.59,1297.84,production
2026-02-21,2026-02-21,30,7751.72,4764.63,2200.0,3875.86,production
2026-02-21,2026-02-21,30,7686.77,3541.04,2200.0,3843.39,production
2026-02-21,2026-02-21,60,7601.89,3439.05,2200.0,7601.89,production
2026-02-21,2026-02-21,60,7611.18,3487.62,2200.0,7611.18,production
2026-02-21,2026-02-21,360,9417.15,2725.39,2200.0,56502.9,reference_only
2026-02-21,2026-02-21,360,10063.92,2710.93,2200.0,60383.52,reference_only
2026-02-21,2026-02-21,1440,7494.34,381.86,2200.0,179864.16,reference_only
2026-02-21,2026-02-21,1440,7409.1,398.77,2200.0,177818.4,reference_only
2026-02-22,2026-02-22,10,5480.6,4217.29,2167.28,913.43,production
2026-02-22,2026-02-22,10,5499.88,4228.99,2180.95,916.65,production
2026-02-22,2026-02-22,30,5665.68,3234.79,2200.0,2832.84,production
2026-02-22,2026-02-22,30,5805.43,2398.75,2200.0,2902.72,production
2026-02-22,2026-02-22,60,5619.39,2343.04,2200.0,5619.39,production
2026-02-22,2026-02-22,60,5936.75,2425.28,2200.0,5936.75,production
2026-02-22,2026-02-22,360,5378.58,605.48,2200.0,32271.48,reference_only
2026-02-22,2026-02-22,360,5545.71,317.43,2200.0,33274.26,reference_only
2026-02-22,2026-02-22,1440,7116.0,510.91,2200.0,170784.0,reference_only
2026-02-22,2026-02-22,1440,7082.03,457.53,2200.0,169968.72,reference_only
2026-02-23,2026-02-23,10,7318.28,5682.51,2200.0,1219.71,production
2026-02-23,2026-02-23,10,7279.61,5665.16,2200.0,1213.27,production
2026-02-23,2026-02-23,30,7228.79,4216.6,2200.0,3614.39,production
2026-02-23,2026-02-23,30,7214.35,3252.23,2200.0,3607.18,production
2026-02-23,2026-02-23,60,7230.59,3198.21,2200.0,7230.59,production
2026-02-23,2026-02-23,60,7378.78,3395.58,2200.0,7378.78,production
2026-02-23,2026-02-23,360,7691.8,1783.18,2200.0,46150.8,reference_only
2026-02-23,2026-02-23,360,8383.42,1703.13,2200.0,50300.52,reference_only
2026-02-23,2026-02-23,1440,8085.89,600.58,2200.0,194061.36,reference_only
2026-02-23,2026-02-23,1440,8148.33,771.56,2200.0,195559.92,reference_only
2026-02-24,2026-02-24,10,6967.9,5569.41,2183.07,1161.32,production
2026-02-24,2026-02-24,10,6993.97,5604.82,2188.5,1165.66,production
2026-02-24,2026-02-24,30,6732.51,4114.27,2200.0,3366.26,production
2026-02-24,2026-02-24,30,6873.99,3343.09,2200.0,3436.99,production
2026-02-24,2026-02-24,60,6735.42,3183.93,2200.0,6735.42,production
2026-02-24,2026-02-24,60,6924.46,3354.09,2200.0,6924.46,production
2026-02-24,2026-02-24,360,6650.91,973.9,2200.0,39905.46,reference_only
2026-02-24,2026-02-24,360,6849.68,630.69,2200.0,41098.08,reference_only
2026-02-24,2026-02-24,1440,7979.62,1040.74,2200.0,191510.88,reference_only
2026-02-24,2026-02-24,1440,7959.89,985.24,2200.0,191037.36,reference_only
2026-02-25,2026-02-25,10,5321.18,3915.86,2174.88,886.86,production
2026-02-25,2026-02-25,10,5323.77,3914.15,2188.85,887.3,production
2026-02-25,2026-02-25,30,5566.43,3003.02,2200.0,2783.22,production
2026-02-25,2026-02-25,30,5732.27,2215.94,2200.0,2866.14,production
2026-02-25,2026-02-25,60,5652.15,2196.05,2200.0,5652.15,production
2026-02-25,2026-02-25,60,5809.02,2247.83,2200.0,5809.02,production
2026-02-25,2026-02-25,360,5309.76,131.71,2200.0,31858.56,reference_only
2026-02-25,2026-02-25,360,5630.93,56.2,2200.0,33785.58,reference_only
2026-02-25,2026-02-25,1440,6874.5,456.42,2200.0,164988.0,reference_only
2026-02-25,2026-02-25,1440,6872.77,494.68,2200.0,164946.48,reference_only
2026-02-26,2026-02-26,10,5798.99,4237.22,2191.45,966.5,production
2026-02-26,2026-02-26,10,5764.51,4220.4,2193.53,960.75,production
2026-02-26,2026-02-26,30,5897.39,3003.4,2200.0,2948.7,production
2026-02-26,2026-02-26,30,5853.91,1922.66,2200.0,2926.95,production
2026-02-26,2026-02-26,60,6067.55,2050.28,2200.0,6067.55,production
2026-02-26,2026-02-26,60,6102.19,2100.83,2200.0,6102.19,production
2026-02-26,2026-02-26,360,7921.81,1818.0,2200.0,47530.86,reference_only
2026-02-26,2026-02-26,360,8051.08,1512.19,2200.0,48306.48,reference_only
2026-02-26,2026-02-26,1440,6399.24,111.0,2200.0,153581.76,reference_only
2026-02-26,2026-02-26,1440,6588.88,174.05,2200.0,158133.12,reference_only
2026-02-27,2026-02-27,10,1611.09,777.33,2107.43,268.51,production
2026-02-27,2026-02-27,10,1681.8,783.99,2151.1,280.3,production
2026-02-27,2026-02-27,30,1955.91,360.42,2200.0,977.96,production
2026-02-27,2026-02-27,30,2679.21,84.8,2200.0,1339.61,production
2026-02-27,2026-02-27,60,2173.55,144.72,2200.0,2173.55,production
2026-02-27,2026-02-27,60,2670.09,138.83,2200.0,2670.09,production
2026-02-27,2026-02-27,360,3504.94,31.64,2200.0,21029.64,reference_only
2026-02-27,2026-02-27,360,4125.36,3.94,2200.0,24752.16,reference_only
2026-02-27,2026-02-27,1440,4756.64,0.0,2200.0,114159.36,reference_only
2026-02-27,2026-02-27,1440,4257.0,0.0,2200.0,102168.0,reference_only
2026-02-28,2026-02-28,10,698.05,67.64,2084.99,116.34,production
2026-02-28,2026-02-28,10,862.29,70.61,2160.13,143.72,production
2026-02-28,2026-02-28,30,1007.0,0.0,2200.0,503.5,production
2026-02-28,2026-02-28,30,2450.36,12.05,2200.0,1225.18,production
2026-02-28,2026-02-28,60,1224.52,0.0,2200.0,1224.52,production
2026-02-28,2026-02-28,60,2041.12,0.0,2200.0,2041.12,production
2026-02-28,2026-02-28,360,2592.99,0.0,2200.0,15557.94,reference_only
2026-02-28,2026-02-28,360,3071.4,0.0,2200.0,18428.4,reference_only
2026-02-28,2026-02-28,1440,4029.05,0.0,2200.0,96697.2,reference_only
2026-02-28,2026-02-28,1440,3653.1,0.0,2200.0,87674.4,reference_only
2026-03-01,2026-03-01,10,11910.97,10252.32,2200.0,1985.16,production
2026-03-01,2026-03-01,10,11881.56,10248.2,2200.0,1980.26,production
2026-03-01,2026-03-01,30,11569.7,8314.48,2200.0,5784.85,production
2026-03-01,2026-03-01,30,11540.05,6733.73,2200.0,5770.02,production
2026-03-01,2026-03-01,60,11271.61,6544.04,2200.0,11271.61,production
2026-03-01,2026-03-01,60,11310.3,6618.67,2200.0,11310.3,production
2026-03-01,2026-03-01,360,8972.68,1434.24,2200.0,53836.08,reference_only
2026-03-01,2026-03-01,360,9189.37,1457.15,2200.0,55136.22,reference_only
2026-03-01,2026-03-01,1440,8182.47,371.06,2200.0,196379.28,reference_only
2026-03-01,2026-03-01,1440,8221.31,409.34,2200.0,197311.44,reference_only
2026-03-02,2026-03-02,10,16693.54,15038.44,2200.0,2782.26,production
2026-03-02,2026-03-02,10,16746.39,15115.41,2200.0,2791.07,production
2026-03-02,2026-03-02,30,16171.71,12962.76,2200.0,8085.85,production
2026-03-02,2026-03-02,30,16213.74,11593.32,2200.0,8106.87,production
2026-03-02,2026-03-02,60,15617.5,11004.77,2200.0,15617.5,production
2026-03-02,2026-03-02,60,15599.64,11031.33,2200.0,15599.64,production
2026-03-02,2026-03-02,360,13418.55,5752.44,2200.0,80511.3,reference_only
2026-03-02,2026-03-02,360,13547.6,5160.78,2200.0,81285.6,reference_only
2026-03-02,2026-03-02,1440,12114.36,3406.18,2200.0,290744.64,reference_only
2026-03-02,2026-03-02,1440,11717.65,3033.02,2200.0,281223.6,reference_only
2026-03-03,2026-03-03,10,880.55,197.37,2092.32,146.76,production
2026-03-03,2026-03-03,10,1028.74,221.32,2155.86,171.46,production
2026-03-03,2026-03-03,30,1272.09,48.94,2200.0,636.04,production
2026-03-03,2026-03-03,30,2373.55,9.38,2200.0,1186.78,production
2026-03-03,2026-03-03,60,1509.48,7.71,2200.0,1509.48,production
2026-03-03,2026-03-03,60,2077.28,6.98,2200.0,2077.28,production
2026-03-03,2026-03-03,360,4139.42,209.92,2200.0,24836.52,reference_only
2026-03-03,2026-03-03,360,4015.98,36.75,2200.0,24095.88,reference_only
2026-03-03,2026-03-03,1440,4478.11,0.0,2200.0,107474.64,reference_only
2026-03-03,2026-03-03,1440,4317.03,0.0,2200.0,103608.72,reference_only
2026-03-04,2026-03-04,10,975.63,143.26,2146.39,162.6,production
2026-03-04,2026-03-04,10,997.76,149.52,2160.79,166.29,production
2026-03-04,2026-03-04,30,1265.79,3.81,2200.0,632.89,production
2026-03-04,2026-03-04,30,1471.87,0.0,2200.0,735.93,production
2026-03-04,2026-03-04,60,1547.58,0.0,2200.0,1547.58,production
2026-03-04,2026-03-04,60,1846.51,0.0,2200.0,1846.51,production
2026-03-04,2026-03-04,360,2621.06,0.0,2200.0,15726.36,reference_only
2026-03-04,2026-03-04,360,2830.71,0.0,2200.0,16984.26,reference_only
2026-03-04,2026-03-04,1440,4463.93,0.0,2200.0,107134.32,reference_only
2026-03-04,2026-03-04,1440,4436.37,0.0,2200.0,106472.88,reference_only
2026-03-05,2026-03-05,10,4777.63,3461.06,2174.95,796.27,production
2026-03-05,2026-03-05,10,4792.88,3484.69,2182.95,798.81,production
2026-03-05,2026-03-05,30,4986.6,2622.72,2200.0,2493.3,production
2026-03-05,2026-03-05,30,5037.85,1926.89,2200.0,2518.93,production
2026-03-05,2026-03-05,60,5137.94,1949.04,2200.0,5137.94,production
2026-03-05,2026-03-05,60,5233.8,1981.8,2200.0,5233.8,production
2026-03-05,2026-03-05,360,4254.09,230.06,2200.0,25524.54,reference_only
2026-03-05,2026-03-05,360,4144.05,47.36,2200.0,24864.3,reference_only
2026-03-05,2026-03-05,1440,6788.63,565.22,2200.0,162927.12,reference_only
2026-03-05,2026-03-05,1440,6926.35,778.92,2200.0,166232.4,reference_only
2026-03-06,2026-03-06,10,9745.6,8104.86,2198.74,1624.27,production
2026-03-06,2026-03-06,10,9793.57,8179.6,2196.89,1632.26,production
2026-03-06,2026-03-06,30,9431.68,6218.8,2200.0,4715.84,production
2026-03-06,2026-03-06,30,9495.95,4812.46,2200.0,4747.98,production
2026-03-06,2026-03-06,60,9130.6,4500.95,2200.0,9130.6,production
2026-03-06,2026-03-06,60,9192.55,4602.65,2200.0,9192.55,production
2026-03-06,2026-03-06,360,7743.57,1168.53,2200.0,46461.42,reference_only
2026-03-06,2026-03-06,360,7583.99,665.65,2200.0,45503.94,reference_only
2026-03-06,2026-03-06,1440,7658.49,256.4,2200.0,183803.76,reference_only
2026-03-06,2026-03-06,1440,7268.44,182.16,2200.0,174442.56,reference_only
2026-03-07,2026-03-07,10,11375.13,9716.49,2200.0,1895.85,production
2026-03-07,2026-03-07,10,11399.38,9766.02,2200.0,1899.9,production
2026-03-07,2026-03-07,30,11072.7,7826.54,2200.0,5536.35,production
2026-03-07,2026-03-07,30,11402.88,6666.07,2200.0,5701.44,production
2026-03-07,2026-03-07,60,10639.61,5933.49,2200.0,10639.61,production
2026-03-07,2026-03-07,60,10537.7,5879.76,2200.0,10537.7,production
2026-03-07,2026-03-07,360,8351.67,1619.78,2200.0,50110.02,reference_only
2026-03-07,2026-03-07,360,9101.47,1618.51,2200.0,54608.82,reference_only
2026-03-07,2026-03-07,1440,8246.19,603.06,2200.0,197908.56,reference_only
2026-03-07,2026-03-07,1440,8231.85,698.79,2200.0,197564.4,reference_only
2026-03-08,2026-03-08,10,1704.41,1185.25,2070.37,284.07,production
2026-03-08,2026-03-08,10,2212.08,1261.81,2190.37,368.68,production
2026-03-08,2026-03-08,30,2118.54,1031.41,2200.0,1059.27,production
2026-03-08,2026-03-08,30,6001.02,1223.6,2200.0,3000.51,production
2026-03-08,2026-03-08,60,2234.52,851.37,2200.0,2234.52,production
2026-03-08,2026-03-08,60,3926.37,825.71,2200.0,3926.37,production
2026-03-08,2026-03-08,360,4339.17,211.23,2200.0,26035.02,reference_only
2026-03-08,2026-03-08,360,8598.59,619.34,2200.0,51591.54,reference_only
2026-03-08,2026-03-08,1440,5047.1,103.99,2200.0,121130.4,reference_only
2026-03-08,2026-03-08,1440,5610.41,582.02,2200.0,134649.84,reference_only
2026-03-09,2026-03-09,10,378.33,0.0,2036.98,63.05,production
2026-03-09,2026-03-09,10,866.4,0.0,2200.0,144.4,production
2026-03-09,2026-03-09,30,726.61,0.0,2200.0,363.31,production
2026-03-09,2026-03-09,30,4806.32,0.0,2200.0,2403.16,production
2026-03-09,2026-03-09,60,1007.45,0.0,2200.0,1007.45,production
2026-03-09,2026-03-09,60,2947.76,0.0,2200.0,2947.76,production
2026-03-09,2026-03-09,360,2923.36,0.0,2200.0,17540.16,reference_only
2026-03-09,2026-03-09,360,6415.96,229.36,2200.0,38495.76,reference_only
2026-03-09,2026-03-09,1440,3987.55,0.0,2200.0,95701.2,reference_only
2026-03-09,2026-03-09,1440,4082.92,0.0,2200.0,97990.08,reference_only
2026-03-10,2026-03-10,10,378.33,0.0,2036.98,63.05,production
2026-03-10,2026-03-10,10,866.4,0.0,2200.0,144.4,production
2026-03-10,2026-03-10,30,726.61,0.0,2200.0,363.31,production
2026-03-10,2026-03-10,30,4806.32,0.0,2200.0,2403.16,production
2026-03-10,2026-03-10,60,1007.45,0.0,2200.0,1007.45,production
2026-03-10,2026-03-10,60,2947.76,0.0,2200.0,2947.76,production
2026-03-10,2026-03-10,360,3022.19,0.0,2200.0,18133.14,reference_only
2026-03-10,2026-03-10,360,6342.97,229.36,2200.0,38057.82,reference_only
2026-03-10,2026-03-10,1440,3987.55,0.0,2200.0,95701.2,reference_only
2026-03-10,2026-03-10,1440,4082.92,0.0,2200.0,97990.08,reference_only
2026-03-11,2026-03-11,10,378.33,0.0,2036.98,63.05,production
2026-03-11,2026-03-11,10,866.4,0.0,2200.0,144.4,production
2026-03-11,2026-03-11,30,726.61,0.0,2200.0,363.31,production
2026-03-11,2026-03-11,30,4806.32,0.0,2200.0,2403.16,production
2026-03-11,2026-03-11,60,1007.45,0.0,2200.0,1007.45,production
2026-03-11,2026-03-11,60,2947.76,0.0,2200.0,2947.76,production
2026-03-11,2026-03-11,360,3022.19,0.0,2200.0,18133.14,reference_only
2026-03-11,2026-03-11,360,6342.97,229.36,2200.0,38057.82,reference_only
2026-03-11,2026-03-11,1440,3987.55,0.0,2200.0,95701.2,reference_only
2026-03-11,2026-03-11,1440,4082.92,0.0,2200.0,97990.08,reference_only
2026-03-12,2026-03-12,10,378.33,0.0,2036.98,63.05,production
2026-03-12,2026-03-12,10,866.4,0.0,2200.0,144.4,production
2026-03-12,2026-03-12,30,726.61,0.0,2200.0,363.31,production
2026-03-12,2026-03-12,30,4806.32,0.0,2200.0,2403.16,production
2026-03-12,2026-03-12,60,1007.45,0.0,2200.0,1007.45,production
2026-03-12,2026-03-12,60,2947.76,0.0,2200.0,2947.76,production
2026-03-12,2026-03-12,360,3022.19,0.0,2200.0,18133.14,reference_only
2026-03-12,2026-03-12,360,6342.97,229.36,2200.0,38057.82,reference_only
2026-03-12,2026-03-12,1440,3987.55,0.0,2200.0,95701.2,reference_only
2026-03-12,2026-03-12,1440,4082.92,0.0,2200.0,97990.08,reference_only
2026-03-13,2026-03-13,10,16383.56,14724.92,2200.0,2730.59,production
2026-03-13,2026-03-13,10,16330.72,14697.36,2200.0,2721.79,production
2026-03-13,2026-03-13,30,15797.54,12542.32,2200.0,7898.77,production
2026-03-13,2026-03-13,30,15847.6,11041.28,2200.0,7923.8,production
2026-03-13,2026-03-13,60,15174.96,10447.39,2200.0,15174.96,production
2026-03-13,2026-03-13,60,15201.53,10509.9,2200.0,15201.53,production
2026-03-13,2026-03-13,360,13073.17,5204.54,2200.0,78439.02,reference_only
2026-03-13,2026-03-13,360,13830.56,5033.02,2200.0,82983.36,reference_only
2026-03-13,2026-03-13,1440,11674.82,2942.09,2200.0,280195.68,reference_only
2026-03-13,2026-03-13,1440,11452.71,2665.76,2200.0,274865.04,reference_only
2026-03-14,2026-03-14,10,13964.68,12306.03,2200.0,2327.45,production
2026-03-14,2026-03-14,10,13952.94,12319.75,2200.0,2325.49,production
2026-03-14,2026-03-14,30,13678.94,10450.6,2200.0,6839.47,production
2026-03-14,2026-03-14,30,13803.45,9086.21,2200.0,6901.73,production
2026-03-14,2026-03-14,60,13236.97,8564.3,2200.0,13236.97,production
2026-03-14,2026-03-14,60,13243.35,8610.07,2200.0,13243.35,production
2026-03-14,2026-03-14,360,11806.71,4235.5,2200.0,70840.26,reference_only
2026-03-14,2026-03-14,360,12140.06,3661.36,2200.0,72840.36,reference_only
2026-03-14,2026-03-14,1440,10167.01,1856.95,2200.0,244008.24,reference_only
2026-03-14,2026-03-14,1440,10643.89,2149.51,2200.0,255453.36,reference_only
2026-03-15,2026-03-15,10,13147.68,11489.04,2200.0,2191.28,production
2026-03-15,2026-03-15,10,13174.78,11541.43,2200.0,2195.8,production
2026-03-15,2026-03-15,30,13089.41,9834.38,2200.0,6544.7,production
2026-03-15,2026-03-15,30,12996.96,8222.66,2200.0,6498.48,production
2026-03-15,2026-03-15,60,13051.35,8328.07,2200.0,13051.35,production
2026-03-15,2026-03-15,60,13122.83,8431.21,2200.0,13122.83,production
2026-03-15,2026-03-15,360,10758.61,2983.4,2200.0,64551.66,reference_only
2026-03-15,2026-03-15,360,11316.32,2877.5,2200.0,67897.92,reference_only
2026-03-15,2026-03-15,1440,10299.03,2083.32,2200.0,247176.72,reference_only
2026-03-15,2026-03-15,1440,10519.27,2148.9,2200.0,252462.48,reference_only
2026-03-16,2026-03-16,10,12290.02,10631.83,2200.0,2048.34,production
2026-03-16,2026-03-16,10,12282.33,10649.23,2200.0,2047.06,production
2026-03-16,2026-03-16,30,12063.71,8846.59,2200.0,6031.85,production
2026-03-16,2026-03-16,30,12029.7,7519.34,2200.0,6014.85,production
2026-03-16,2026-03-16,60,11532.87,7007.63,2200.0,11532.87,production
2026-03-16,2026-03-16,60,11582.24,7077.48,2200.0,11582.24,production
2026-03-16,2026-03-16,360,10664.34,3301.11,2200.0,63986.04,reference_only
2026-03-16,2026-03-16,360,10075.31,2681.8,2200.0,60451.86,reference_only
2026-03-16,2026-03-16,1440,9818.49,2313.81,2200.0,235643.76,reference_only
2026-03-16,2026-03-16,1440,9591.85,2153.99,2200.0,230204.4,reference_only
2026-03-17,2026-03-17,10,10641.48,9013.71,2200.0,1773.58,production
2026-03-17,2026-03-17,10,10637.93,9033.34,2200.0,1772.99,production
2026-03-17,2026-03-17,30,10228.86,7108.28,2200.0,5114.43,production
2026-03-17,2026-03-17,30,10188.86,5897.02,2200.0,5094.43,production
2026-03-17,2026-03-17,60,9790.32,5438.69,2200.0,9790.32,production
2026-03-17,2026-03-17,60,9754.2,5428.32,2200.0,9754.2,production
2026-03-17,2026-03-17,360,9978.13,2948.27,2200.0,59868.78,reference_only
2026-03-17,2026-03-17,360,8970.99,1917.13,2200.0,53825.94,reference_only
2026-03-17,2026-03-17,1440,8549.05,1451.06,2200.0,205177.2,reference_only
2026-03-17,2026-03-17,1440,8522.92,1580.91,2200.0,204550.08,reference_only
2026-03-18,2026-03-18,10,8194.13,6636.87,2197.84,1365.69,production
2026-03-18,2026-03-18,10,8197.23,6656.87,2197.31,1366.2,production
2026-03-18,2026-03-18,30,8110.6,5336.43,2200.0,4055.3,production
2026-03-18,2026-03-18,30,8089.27,4351.95,2200.0,4044.64,production
2026-03-18,2026-03-18,60,7963.5,4164.98,2200.0,7963.5,production
2026-03-18,2026-03-18,60,7948.3,4192.71,2200.0,7948.3,production
2026-03-18,2026-03-18,360,8534.06,2273.63,2200.0,51204.36,reference_only
2026-03-18,2026-03-18,360,8242.91,1807.83,2200.0,49457.46,reference_only
2026-03-18,2026-03-18,1440,7961.48,1122.14,2200.0,191075.52,reference_only
2026-03-18,2026-03-18,1440,7800.73,1000.31,2200.0,187217.52,reference_only
2026-03-19,2026-03-19,10,5129.76,3731.0,2188.0,854.96,production
2026-03-19,2026-03-19,10,5121.16,3741.12,2185.15,853.53,production
2026-03-19,2026-03-19,30,5295.26,2848.52,2200.0,2647.63,production
2026-03-19,2026-03-19,30,5267.26,2105.1,2200.0,2633.63,production
2026-03-19,2026-03-19,60,5436.29,2172.79,2200.0,5436.29,production
2026-03-19,2026-03-19,60,5445.67,2215.69,2200.0,5445.67,production
2026-03-19,2026-03-19,360,7242.48,1753.27,2200.0,43454.88,reference_only
2026-03-19,2026-03-19,360,7066.35,1267.05,2200.0,42398.1,reference_only
2026-03-19,2026-03-19,1440,7123.59,559.3,2200.0,170966.16,reference_only
2026-03-19,2026-03-19,1440,7133.58,551.96,2200.0,171205.92,reference_only
2026-03-20,2026-03-20,10,3379.24,2211.37,2175.87,563.21,production
2026-03-20,2026-03-20,10,3366.28,2213.75,2172.68,561.05,production
2026-03-20,2026-03-20,30,3542.39,1552.26,2200.0,1771.19,production
2026-03-20,2026-03-20,30,3499.73,1002.31,2200.0,1749.87,production
2026-03-20,2026-03-20,60,3762.35,1086.24,2200.0,3762.35,production
2026-03-20,2026-03-20,60,3725.5,1053.82,2200.0,3725.5,production
2026-03-20,2026-03-20,360,4316.92,22.33,2200.0,25901.52,reference_only
2026-03-20,2026-03-20,360,4362.56,1.77,2200.0,26175.36,reference_only
2026-03-20,2026-03-20,1440,5845.77,390.85,2200.0,140298.48,reference_only
2026-03-20,2026-03-20,1440,6004.22,377.49,2200.0,144101.28,reference_only
2026-03-21,2026-03-21,10,9362.01,8119.17,2172.77,1560.34,production
2026-03-21,2026-03-21,10,9360.81,8120.29,2180.41,1560.13,production
2026-03-21,2026-03-21,30,9065.0,6704.59,2200.0,4532.5,production
2026-03-21,2026-03-21,30,9025.75,5740.17,2200.0,4512.88,production
2026-03-21,2026-03-21,60,8726.81,5409.51,2200.0,8726.81,production
2026-03-21,2026-03-21,60,8760.94,5343.66,2200.0,8760.94,production
2026-03-21,2026-03-21,360,6625.41,1068.02,2200.0,39752.46,reference_only
2026-03-21,2026-03-21,360,6627.92,868.02,2200.0,39767.52,reference_only
2026-03-21,2026-03-21,1440,8462.92,1576.23,2200.0,203110.08,reference_only
2026-03-21,2026-03-21,1440,8358.16,1357.95,2200.0,200595.84,reference_only
2026-03-22,2026-03-22,10,8608.36,7134.98,2192.68,1434.73,production
2026-03-22,2026-03-22,10,8595.24,7136.18,2192.33,1432.54,production
2026-03-22,2026-03-22,30,8412.41,5817.82,2200.0,4206.2,production
2026-03-22,2026-03-22,30,8371.73,4950.48,2200.0,4185.86,production
2026-03-22,2026-03-22,60,8172.06,4620.97,2200.0,8172.06,production
2026-03-22,2026-03-22,60,8235.97,4720.37,2200.0,8235.97,production
2026-03-22,2026-03-22,360,7821.45,1957.7,2200.0,46928.7,reference_only
2026-03-22,2026-03-22,360,7686.49,1497.53,2200.0,46118.94,reference_only
2026-03-22,2026-03-22,1440,8366.83,1430.91,2200.0,200803.92,reference_only
2026-03-22,2026-03-22,1440,8466.75,1377.8,2200.0,203202.0,reference_only
2026-03-23,2026-03-23,10,6984.93,5655.89,2180.34,1164.15,production
2026-03-23,2026-03-23,10,6996.2,5681.07,2181.28,1166.03,production
2026-03-23,2026-03-23,30,7020.36,4582.78,2200.0,3510.18,production
2026-03-23,2026-03-23,30,7040.56,3759.13,2200.0,3520.28,production
2026-03-23,2026-03-23,60,7032.66,3646.18,2200.0,7032.66,production
2026-03-23,2026-03-23,60,7020.28,3670.97,2200.0,7020.28,production
2026-03-23,2026-03-23,360,7420.54,1395.44,2200.0,44523.24,reference_only
2026-03-23,2026-03-23,360,7569.89,1062.73,2200.0,45419.34,reference_only
2026-03-23,2026-03-23,1440,7890.59,1221.24,2200.0,189374.16,reference_only
2026-03-23,2026-03-23,1440,7848.26,1207.87,2200.0,188358.24,reference_only
2026-03-24,2026-03-24,10,5671.25,4408.96,2178.26,945.21,production
2026-03-24,2026-03-24,10,5676.31,4416.75,2183.86,946.05,production
2026-03-24,2026-03-24,30,5786.76,3513.47,2200.0,2893.38,production
2026-03-24,2026-03-24,30,5805.9,2718.45,2200.0,2902.95,production
2026-03-24,2026-03-24,60,5877.75,2714.24,2200.0,5877.75,production
2026-03-24,2026-03-24,60,5969.48,2745.57,2200.0,5969.48,production
2026-03-24,2026-03-24,360,5966.27,668.33,2200.0,35797.62,reference_only
2026-03-24,2026-03-24,360,6118.78,420.22,2200.0,36712.68,reference_only
2026-03-24,2026-03-24,1440,7684.29,1008.76,2200.0,184422.96,reference_only
2026-03-24,2026-03-24,1440,7524.33,1083.92,2200.0,180583.92,reference_only
2026-03-25,2026-03-25,10,8024.58,6801.29,2171.73,1337.43,production
2026-03-25,2026-03-25,10,8016.2,6795.04,2179.86,1336.03,production
2026-03-25,2026-03-25,30,7941.57,5620.29,2200.0,3970.78,production
2026-03-25,2026-03-25,30,8009.84,4634.9,2200.0,4004.92,production
2026-03-25,2026-03-25,60,7593.36,4282.97,2200.0,7593.36,production
2026-03-25,2026-03-25,60,7849.18,4327.79,2200.0,7849.18,production
2026-03-25,2026-03-25,360,4945.98,91.57,2200.0,29675.88,reference_only
2026-03-25,2026-03-25,360,5059.72,34.95,2200.0,30358.32,reference_only
2026-03-25,2026-03-25,1440,8002.27,1017.1,2200.0,192054.48,reference_only
2026-03-25,2026-03-25,1440,8073.55,1103.19,2200.0,193765.2,reference_only
2026-03-26,2026-03-26,10,5413.04,3925.0,2193.13,902.17,production
2026-03-26,2026-03-26,10,5382.06,3912.01,2192.91,897.01,production
2026-03-26,2026-03-26,30,5504.02,2786.46,2200.0,2752.01,production
2026-03-26,2026-03-26,30,5428.66,1785.95,2200.0,2714.33,production
2026-03-26,2026-03-26,60,5684.84,1953.79,2200.0,5684.84,production
2026-03-26,2026-03-26,60,5570.88,1896.88,2200.0,5570.88,production
2026-03-26,2026-03-26,360,7390.49,1428.17,2200.0,44342.94,reference_only
2026-03-26,2026-03-26,360,7969.79,1079.59,2200.0,47818.74,reference_only
2026-03-26,2026-03-26,1440,7761.2,635.35,2200.0,186268.8,reference_only
2026-03-26,2026-03-26,1440,7757.68,677.55,2200.0,186184.32,reference_only
2026-03-27,2026-03-27,10,1231.95,380.79,2127.49,205.32,production
2026-03-27,2026-03-27,10,1269.17,385.47,2150.47,211.53,production
2026-03-27,2026-03-27,30,1570.44,93.1,2200.0,785.22,production
2026-03-27,2026-03-27,30,1695.22,2.14,2200.0,847.61,production
2026-03-27,2026-03-27,60,1758.39,3.08,2200.0,1758.39,production
2026-03-27,2026-03-27,60,1908.53,1.1,2200.0,1908.53,production
2026-03-27,2026-03-27,360,3649.83,1.25,2200.0,21898.98,reference_only
2026-03-27,2026-03-27,360,3685.39,0.0,2200.0,22112.34,reference_only
2026-03-27,2026-03-27,1440,4711.78,1.27,2200.0,113082.72,reference_only
2026-03-27,2026-03-27,1440,4607.46,0.0,2200.0,110579.04,reference_only
2026-03-28,2026-03-28,10,2918.17,1815.81,2152.1,486.36,production
2026-03-28,2026-03-28,10,2933.42,1826.96,2167.44,488.9,production
2026-03-28,2026-03-28,30,3213.77,1287.19,2200.0,1606.88,production
2026-03-28,2026-03-28,30,3283.2,857.96,2200.0,1641.6,production
2026-03-28,2026-03-28,60,3516.95,979.85,2200.0,3516.95,production
2026-03-28,2026-03-28,60,3610.14,982.2,2200.0,3610.14,production
2026-03-28,2026-03-28,360,3352.58,113.7,2200.0,20115.48,reference_only
2026-03-28,2026-03-28,360,3877.53,37.04,2200.0,23265.18,reference_only
2026-03-28,2026-03-28,1440,5591.49,131.42,2200.0,134195.76,reference_only
2026-03-28,2026-03-28,1440,5768.94,145.95,2200.0,138454.56,reference_only
2026-03-29,2026-03-29,10,1181.88,288.2,2151.01,196.98,production
2026-03-29,2026-03-29,10,1211.89,302.63,2164.07,201.98,production
2026-03-29,2026-03-29,30,1470.24,57.76,2200.0,735.12,production
2026-03-29,2026-03-29,30,1624.25,0.0,2200.0,812.12,production
2026-03-29,2026-03-29,60,1732.38,1.07,2200.0,1732.38,production
2026-03-29,2026-03-29,60,1951.68,0.18,2200.0,1951.68,production
2026-03-29,2026-03-29,360,2581.12,0.0,2200.0,15486.72,reference_only
2026-03-29,2026-03-29,360,2935.15,0.0,2200.0,17610.9,reference_only
2026-03-29,2026-03-29,1440,4800.88,0.0,2200.0,115221.12,reference_only
2026-03-29,2026-03-29,1440,4425.86,0.0,2200.0,106220.64,reference_only
2026-03-30,2026-03-30,10,1449.02,568.99,2119.13,241.5,production
2026-03-30,2026-03-30,10,1516.06,580.29,2157.24,252.68,production
2026-03-30,2026-03-30,30,1779.39,226.44,2200.0,889.7,production
2026-03-30,2026-03-30,30,2139.97,26.65,2200.0,1069.98,production
2026-03-30,2026-03-30,60,1940.51,24.97,2200.0,1940.51,production
2026-03-30,2026-03-30,60,2274.19,24.14,2200.0,2274.19,production
2026-03-30,2026-03-30,360,2516.7,0.0,2200.0,15100.2,reference_only
2026-03-30,2026-03-30,360,2739.45,0.0,2200.0,16436.7,reference_only
2026-03-30,2026-03-30,1440,4749.45,0.56,2200.0,113986.8,reference_only
2026-03-30,2026-03-30,1440,4523.88,0.0,2200.0,108573.12,reference_only
2026-03-31,2026-03-31,10,713.8,35.24,2106.93,118.97,production
2026-03-31,2026-03-31,10,833.67,39.05,2154.47,138.94,production
2026-03-31,2026-03-31,30,1079.74,0.0,2200.0,539.87,production
2026-03-31,2026-03-31,30,2157.7,0.0,2200.0,1078.85,production
2026-03-31,2026-03-31,60,1330.43,0.0,2200.0,1330.43,production
2026-03-31,2026-03-31,60,1965.64,0.0,2200.0,1965.64,production
2026-03-31,2026-03-31,360,2702.8,0.0,2200.0,16216.8,reference_only
2026-03-31,2026-03-31,360,3524.38,0.0,2200.0,21146.28,reference_only
2026-03-31,2026-03-31,1440,4301.92,0.0,2200.0,103246.08,reference_only
2026-03-31,2026-03-31,1440,4128.98,0.0,2200.0,99095.52,reference_only
2026-04-01,2026-04-01,10,7140.72,5667.23,2191.92,1190.12,production
2026-04-01,2026-04-01,10,7198.98,5716.49,2198.31,1199.83,production
2026-04-01,2026-04-01,30,7045.02,4219.78,2200.0,3522.51,production
2026-04-01,2026-04-01,30,7346.45,3372.57,2200.0,3673.22,production
2026-04-01,2026-04-01,60,6991.93,3072.65,2200.0,6991.93,production
2026-04-01,2026-04-01,60,7129.01,3157.55,2200.0,7129.01,production
2026-04-01,2026-04-01,360,7059.84,920.75,2200.0,42359.04,reference_only
2026-04-01,2026-04-01,360,6401.88,274.07,2200.0,38411.28,reference_only
2026-04-01,2026-04-01,1440,7525.02,665.12,2200.0,180600.48,reference_only
2026-04-01,2026-04-01,1440,7591.94,785.42,2200.0,182206.56,reference_only
2026-04-02,2026-04-02,10,7238.98,5791.66,2190.41,1206.5,production
2026-04-02,2026-04-02,10,7413.2,5908.57,2198.15,1235.53,production
2026-04-02,2026-04-02,30,7215.61,4561.47,2200.0,3607.8,production
2026-04-02,2026-04-02,30,7995.28,3888.35,2200.0,3997.64,production
2026-04-02,2026-04-02,60,7063.11,3447.3,2200.0,7063.11,production
2026-04-02,2026-04-02,60,7096.62,3440.78,2200.0,7096.62,production
2026-04-02,2026-04-02,360,6953.96,605.2,2200.0,41723.76,reference_only
2026-04-02,2026-04-02,360,7026.53,263.99,2200.0,42159.18,reference_only
2026-04-02,2026-04-02,1440,7643.2,810.61,2200.0,183436.8,reference_only
2026-04-02,2026-04-02,1440,7719.61,776.61,2200.0,185270.64,reference_only
2026-04-03,2026-04-03,10,4682.13,3549.38,2158.23,780.36,production
2026-04-03,2026-04-03,10,4670.33,3528.94,2170.8,778.39,production
2026-04-03,2026-04-03,30,4849.72,2742.28,2200.0,2424.86,production
2026-04-03,2026-04-03,30,4858.71,1909.2,2200.0,2429.36,production
2026-04-03,2026-04-03,60,4942.28,2001.39,2200.0,4942.28,production
2026-04-03,2026-04-03,60,4770.62,1731.58,2200.0,4770.62,production
2026-04-03,2026-04-03,360,5213.26,399.5,2200.0,31279.56,reference_only
2026-04-03,2026-04-03,360,5759.23,223.41,2200.0,34555.38,reference_only
2026-04-03,2026-04-03,1440,6935.08,687.8,2200.0,166441.92,reference_only
2026-04-03,2026-04-03,1440,6942.39,686.44,2200.0,166617.36,reference_only
2026-04-04,2026-04-04,10,2989.69,1717.88,2189.59,498.28,production
2026-04-04,2026-04-04,10,3003.96,1744.27,2186.05,500.66,production
2026-04-04,2026-04-04,30,3211.8,1088.92,2200.0,1605.9,production
2026-04-04,2026-04-04,30,3222.53,646.7,2200.0,1611.27,production
2026-04-04,2026-04-04,60,3555.14,761.34,2200.0,3555.14,production
2026-04-04,2026-04-04,60,3535.83,753.48,2200.0,3535.83,production
2026-04-04,2026-04-04,360,4308.98,77.25,2200.0,25853.88,reference_only
2026-04-04,2026-04-04,360,4632.35,22.71,2200.0,27794.1,reference_only
2026-04-04,2026-04-04,1440,5028.32,9.64,2200.0,120679.68,reference_only
2026-04-04,2026-04-04,1440,4980.8,5.91,2200.0,119539.2,reference_only
2026-04-05,2026-04-05,10,9706.92,8462.84,2156.57,1617.82,production
2026-04-05,2026-04-05,10,9632.12,8377.29,2175.49,1605.35,production
2026-04-05,2026-04-05,30,9541.12,7115.1,2200.0,4770.56,production
2026-04-05,2026-04-05,30,9786.45,6342.72,2200.0,4893.23,production
2026-04-05,2026-04-05,60,9449.59,6050.66,2200.0,9449.59,production
2026-04-05,2026-04-05,60,9557.54,6052.18,2200.0,9557.54,production
2026-04-05,2026-04-05,360,7243.85,887.5,2200.0,43463.1,reference_only
2026-04-05,2026-04-05,360,7536.62,575.17,2200.0,45219.72,reference_only
2026-04-05,2026-04-05,1440,9456.01,2355.3,2200.0,226944.24,reference_only
2026-04-05,2026-04-05,1440,9497.51,2470.71,2200.0,227940.24,reference_only
2026-04-06,2026-04-06,10,12919.92,11261.28,2200.0,2153.32,production
2026-04-06,2026-04-06,10,12949.16,11315.81,2200.0,2158.19,production
2026-04-06,2026-04-06,30,12316.75,9061.53,2200.0,6158.38,production
2026-04-06,2026-04-06,30,12248.64,7465.67,2200.0,6124.32,production
2026-04-06,2026-04-06,60,11615.97,6897.44,2200.0,11615.97,production
2026-04-06,2026-04-06,60,11632.87,6954.19,2200.0,11632.87,production
2026-04-06,2026-04-06,360,10042.0,2605.24,2200.0,60252.0,reference_only
2026-04-06,2026-04-06,360,10102.64,1991.09,2200.0,60615.84,reference_only
2026-04-06,2026-04-06,1440,8599.64,838.0,2200.0,206391.36,reference_only
2026-04-06,2026-04-06,1440,8494.06,770.73,2200.0,203857.44,reference_only
2026-04-07,2026-04-07,10,7192.47,5539.49,2200.0,1198.74,production
2026-04-07,2026-04-07,10,7242.92,5615.23,2200.0,1207.15,production
2026-04-07,2026-04-07,30,7324.76,4185.24,2200.0,3662.38,production
2026-04-07,2026-04-07,30,7503.43,3124.95,2200.0,3751.72,production
2026-04-07,2026-04-07,60,7554.05,3074.75,2200.0,7554.05,production
2026-04-07,2026-04-07,60,7497.35,3068.53,2200.0,7497.35,production
2026-04-07,2026-04-07,360,9004.77,1817.14,2200.0,54028.62,reference_only
2026-04-07,2026-04-07,360,9243.77,1930.36,2200.0,55462.62,reference_only
2026-04-07,2026-04-07,1440,6440.87,24.83,2200.0,154580.88,reference_only
2026-04-07,2026-04-07,1440,6813.4,150.92,2200.0,163521.6,reference_only
2026-04-08,2026-04-08,10,593.28,109.8,2049.02,98.88,production
2026-04-08,2026-04-08,10,1016.84,90.46,2197.05,169.47,production
2026-04-08,2026-04-08,30,931.01,2.69,2200.0,465.5,production
2026-04-08,2026-04-08,30,4623.24,0.0,2200.0,2311.62,production
2026-04-08,2026-04-08,60,1258.37,0.0,2200.0,1258.37,production
2026-04-08,2026-04-08,60,2938.03,0.0,2200.0,2938.03,production
2026-04-08,2026-04-08,360,5237.56,58.43,2200.0,31425.36,reference_only
2026-04-08,2026-04-08,360,6033.13,14.83,2200.0,36198.78,reference_only
2026-04-08,2026-04-08,1440,4607.81,0.0,2200.0,110587.44,reference_only
2026-04-08,2026-04-08,1440,4723.73,133.82,2200.0,113369.52,reference_only
2026-04-09,2026-04-09,10,378.33,0.0,2036.98,63.05,production
2026-04-09,2026-04-09,10,866.4,0.0,2200.0,144.4,production
2026-04-09,2026-04-09,30,726.61,0.0,2200.0,363.31,production
2026-04-09,2026-04-09,30,4806.32,0.0,2200.0,2403.16,production
2026-04-09,2026-04-09,60,1007.45,0.0,2200.0,1007.45,production
2026-04-09,2026-04-09,60,2947.76,0.0,2200.0,2947.76,production
2026-04-09,2026-04-09,360,3411.04,0.0,2200.0,20466.24,reference_only
2026-04-09,2026-04-09,360,6610.46,229.36,2200.0,39662.76,reference_only
2026-04-09,2026-04-09,1440,3987.55,0.0,2200.0,95701.2,reference_only
2026-04-09,2026-04-09,1440,4082.92,0.0,2200.0,97990.08,reference_only
2026-04-10,2026-04-10,10,378.33,0.0,2036.98,63.05,production
2026-04-10,2026-04-10,10,866.4,0.0,2200.0,144.4,production
2026-04-10,2026-04-10,30,726.61,0.0,2200.0,363.31,production
2026-04-10,2026-04-10,30,4806.32,0.0,2200.0,2403.16,production
2026-04-10,2026-04-10,60,1007.45,0.0,2200.0,1007.45,production
2026-04-10,2026-04-10,60,2947.76,0.0,2200.0,2947.76,production
2026-04-10,2026-04-10,360,3022.19,0.0,2200.0,18133.14,reference_only
2026-04-10,2026-04-10,360,6342.97,229.36,2200.0,38057.82,reference_only
2026-04-10,2026-04-10,1440,3987.55,0.0,2200.0,95701.2,reference_only
2026-04-10,2026-04-10,1440,4082.92,0.0,2200.0,97990.08,reference_only
2026-04-11,2026-04-11,10,378.33,0.0,2036.98,63.05,production
2026-04-11,2026-04-11,10,866.4,0.0,2200.0,144.4,production
2026-04-11,2026-04-11,30,726.61,0.0,2200.0,363.31,production
2026-04-11,2026-04-11,30,4806.32,0.0,2200.0,2403.16,production
2026-04-11,2026-04-11,60,1007.45,0.0,2200.0,1007.45,production
2026-04-11,2026-04-11,60,2947.76,0.0,2200.0,2947.76,production
2026-04-11,2026-04-11,360,3022.19,0.0,2200.0,18133.14,reference_only
2026-04-11,2026-04-11,360,6342.97,229.36,2200.0,38057.82,reference_only
2026-04-11,2026-04-11,1440,3987.55,0.0,2200.0,95701.2,reference_only
2026-04-11,2026-04-11,1440,4082.92,0.0,2200.0,97990.08,reference_only
2026-04-12,2026-04-12,10,378.33,0.0,2036.98,63.05,production
2026-04-12,2026-04-12,10,866.4,0.0,2200.0,144.4,production
2026-04-12,2026-04-12,30,726.61,0.0,2200.0,363.31,production
2026-04-12,2026-04-12,30,4806.32,0.0,2200.0,2403.16,production
2026-04-12,2026-04-12,60,1007.45,0.0,2200.0,1007.45,production
2026-04-12,2026-04-12,60,2947.76,0.0,2200.0,2947.76,production
2026-04-12,2026-04-12,360,3022.19,0.0,2200.0,18133.14,reference_only
2026-04-12,2026-04-12,360,6342.97,229.36,2200.0,38057.82,reference_only
2026-04-12,2026-04-12,1440,3987.55,0.0,2200.0,95701.2,reference_only
2026-04-12,2026-04-12,1440,4082.92,0.0,2200.0,97990.08,reference_only
2026-04-13,2026-04-13,10,4004.55,2646.51,2190.91,667.42,production
2026-04-13,2026-04-13,10,4037.87,2688.89,2190.76,672.98,production
2026-04-13,2026-04-13,30,4220.21,1929.61,2200.0,2110.11,production
2026-04-13,2026-04-13,30,4250.76,1414.74,2200.0,2125.38,production
2026-04-13,2026-04-13,60,4527.59,1504.18,2200.0,4527.59,production
2026-04-13,2026-04-13,60,4487.57,1475.57,2200.0,4487.57,production
2026-04-13,2026-04-13,360,6044.96,687.57,2200.0,36269.76,reference_only
2026-04-13,2026-04-13,360,6340.92,389.52,2200.0,38045.52,reference_only
2026-04-13,2026-04-13,1440,5914.91,73.86,2200.0,141957.84,reference_only
2026-04-13,2026-04-13,1440,6073.52,146.47,2200.0,145764.48,reference_only
2026-04-14,2026-04-14,10,1346.13,370.81,2146.85,224.36,production
2026-04-14,2026-04-14,10,1361.66,360.97,2168.82,226.94,production
2026-04-14,2026-04-14,30,1674.71,92.18,2200.0,837.36,production
2026-04-14,2026-04-14,30,1899.23,2.45,2200.0,949.62,production
2026-04-14,2026-04-14,60,1942.89,8.6,2200.0,1942.89,production
2026-04-14,2026-04-14,60,2072.45,9.77,2200.0,2072.45,production
2026-04-14,2026-04-14,360,3019.06,0.0,2200.0,18114.36,reference_only
2026-04-14,2026-04-14,360,2855.64,0.0,2200.0,17133.84,reference_only
2026-04-14,2026-04-14,1440,5015.55,3.25,2200.0,120373.2,reference_only
2026-04-14,2026-04-14,1440,5251.44,7.61,2200.0,126034.56,reference_only
2026-04-15,2026-04-15,10,1696.32,846.64,2123.35,282.72,production
2026-04-15,2026-04-15,10,1711.01,826.54,2152.8,285.17,production
2026-04-15,2026-04-15,30,2015.88,472.21,2200.0,1007.94,production
2026-04-15,2026-04-15,30,2078.97,177.35,2200.0,1039.48,production
2026-04-15,2026-04-15,60,2286.07,229.38,2200.0,2286.07,production
2026-04-15,2026-04-15,60,2553.68,280.15,2200.0,2553.68,production
2026-04-15,2026-04-15,360,2620.92,0.0,2200.0,15725.52,reference_only
2026-04-15,2026-04-15,360,2896.66,0.0,2200.0,17379.96,reference_only
2026-04-15,2026-04-15,1440,4729.6,0.0,2200.0,113510.4,reference_only
2026-04-15,2026-04-15,1440,5022.06,0.0,2200.0,120529.44,reference_only
2026-04-16,2026-04-16,10,855.87,197.28,2091.83,142.65,production
2026-04-16,2026-04-16,10,941.74,194.14,2154.76,156.96,production
2026-04-16,2026-04-16,30,1247.79,33.84,2200.0,623.89,production
2026-04-16,2026-04-16,30,1922.89,6.03,2200.0,961.45,production
2026-04-16,2026-04-16,60,1487.44,0.0,2200.0,1487.44,production
2026-04-16,2026-04-16,60,1997.84,0.0,2200.0,1997.84,production
2026-04-16,2026-04-16,360,2496.21,0.0,2200.0,14977.26,reference_only
2026-04-16,2026-04-16,360,2850.89,0.0,2200.0,17105.34,reference_only
2026-04-16,2026-04-16,1440,4657.14,0.0,2200.0,111771.36,reference_only
2026-04-16,2026-04-16,1440,4379.37,0.0,2200.0,105104.88,reference_only
2026-04-17,2026-04-17,10,867.34,141.59,2100.89,144.56,production
2026-04-17,2026-04-17,10,934.13,140.46,2146.9,155.69,production
2026-04-17,2026-04-17,30,1214.0,20.8,2200.0,607.0,production
2026-04-17,2026-04-17,30,2032.63,5.56,2200.0,1016.32,production
2026-04-17,2026-04-17,60,1513.49,1.18,2200.0,1513.49,production
2026-04-17,2026-04-17,60,2104.05,2.3,2200.0,2104.05,production
2026-04-17,2026-04-17,360,2636.34,0.0,2200.0,15818.04,reference_only
2026-04-17,2026-04-17,360,3631.28,0.0,2200.0,21787.68,reference_only
2026-04-17,2026-04-17,1440,4606.36,0.0,2200.0,110552.64,reference_only
2026-04-17,2026-04-17,1440,4330.48,0.0,2200.0,103931.52,reference_only
2026-04-18,2026-04-18,10,4495.5,3317.61,2154.7,749.25,production
2026-04-18,2026-04-18,10,4526.74,3324.5,2178.23,754.46,production
2026-04-18,2026-04-18,30,4638.19,2379.63,2200.0,2319.09,production
2026-04-18,2026-04-18,30,4998.05,1648.93,2200.0,2499.03,production
2026-04-18,2026-04-18,60,4760.61,1671.47,2200.0,4760.61,production
2026-04-18,2026-04-18,60,4961.18,1615.32,2200.0,4961.18,production
2026-04-18,2026-04-18,360,3978.65,82.76,2200.0,23871.9,reference_only
2026-04-18,2026-04-18,360,4029.92,29.05,2200.0,24179.52,reference_only
2026-04-18,2026-04-18,1440,6489.43,343.32,2200.0,155746.32,reference_only
2026-04-18,2026-04-18,1440,6009.55,291.87,2200.0,144229.2,reference_only
2026-04-19,2026-04-19,10,5704.73,4218.31,2189.33,950.79,production
2026-04-19,2026-04-19,10,5707.41,4240.39,2188.33,951.24,production
2026-04-19,2026-04-19,30,5903.34,3061.66,2200.0,2951.67,production
2026-04-19,2026-04-19,30,5903.69,1996.91,2200.0,2951.84,production
2026-04-19,2026-04-19,60,6132.9,2186.87,2200.0,6132.9,production
2026-04-19,2026-04-19,60,6094.39,2202.3,2200.0,6094.39,production
2026-04-19,2026-04-19,360,7326.01,1949.21,2200.0,43956.06,reference_only
2026-04-19,2026-04-19,360,7982.59,1559.83,2200.0,47895.54,reference_only
2026-04-19,2026-04-19,1440,7218.67,227.51,2200.0,173248.08,reference_only
2026-04-19,2026-04-19,1440,7484.29,326.45,2200.0,179622.96,reference_only
2026-04-20,2026-04-20,10,1350.81,444.04,2131.88,225.13,production
2026-04-20,2026-04-20,10,1397.67,456.58,2163.01,232.95,production
2026-04-20,2026-04-20,30,1705.99,159.07,2200.0,853.0,production
2026-04-20,2026-04-20,30,1837.99,1.88,2200.0,919.0,production
2026-04-20,2026-04-20,60,1904.13,3.43,2200.0,1904.13,production
2026-04-20,2026-04-20,60,2116.22,0.44,2200.0,2116.22,production
2026-04-20,2026-04-20,360,3132.87,0.0,2200.0,18797.22,reference_only
2026-04-20,2026-04-20,360,3628.63,0.0,2200.0,21771.78,reference_only
2026-04-20,2026-04-20,1440,4531.5,0.0,2200.0,108756.0,reference_only
2026-04-20,2026-04-20,1440,4761.54,0.0,2200.0,114276.96,reference_only
2026-04-21,2026-04-21,10,1096.08,315.52,2107.78,182.68,production
2026-04-21,2026-04-21,10,1150.33,316.9,2150.65,191.72,production
2026-04-21,2026-04-21,30,1470.22,113.15,2200.0,735.11,production
2026-04-21,2026-04-21,30,1700.52,21.15,2200.0,850.26,production
2026-04-21,2026-04-21,60,1661.82,29.16,2200.0,1661.82,production
2026-04-21,2026-04-21,60,2017.56,28.41,2200.0,2017.56,production
2026-04-21,2026-04-21,360,2430.88,0.0,2200.0,14585.28,reference_only
2026-04-21,2026-04-21,360,2954.53,0.0,2200.0,17727.18,reference_only
2026-04-21,2026-04-21,1440,4942.32,2.83,2200.0,118615.68,reference_only
2026-04-21,2026-04-21,1440,4870.52,17.56,2200.0,116892.48,reference_only
2026-04-22,2026-04-22,10,1093.25,330.73,2100.6,182.21,production
2026-04-22,2026-04-22,10,1209.8,317.05,2161.67,201.63,production
2026-04-22,2026-04-22,30,1432.8,61.27,2200.0,716.4,production
2026-04-22,2026-04-22,30,2664.07,4.32,2200.0,1332.04,production
2026-04-22,2026-04-22,60,1649.17,0.67,2200.0,1649.17,production
2026-04-22,2026-04-22,60,2217.08,1.06,2200.0,2217.08,production
2026-04-22,2026-04-22,360,2757.69,0.0,2200.0,16546.14,reference_only
2026-04-22,2026-04-22,360,3661.61,0.0,2200.0,21969.66,reference_only
2026-04-22,2026-04-22,1440,4879.37,0.0,2200.0,117104.88,reference_only
2026-04-22,2026-04-22,1440,4243.88,0.0,2200.0,101853.12,reference_only
2026-04-23,2026-04-23,10,2935.8,1777.26,2141.5,489.3,production
2026-04-23,2026-04-23,10,3107.0,1814.15,2193.88,517.83,production
2026-04-23,2026-04-23,30,3239.34,1249.93,2200.0,1619.67,production
2026-04-23,2026-04-23,30,4448.01,806.51,2200.0,2224.01,production
2026-04-23,2026-04-23,60,3577.4,907.65,2200.0,3577.4,production
2026-04-23,2026-04-23,60,4136.17,899.3,2200.0,4136.17,production
2026-04-23,2026-04-23,360,3608.4,0.25,2200.0,21650.4,reference_only
2026-04-23,2026-04-23,360,4541.93,54.93,2200.0,27251.58,reference_only
2026-04-23,2026-04-23,1440,5794.16,84.67,2200.0,139059.84,reference_only
2026-04-23,2026-04-23,1440,5719.54,68.61,2200.0,137268.96,reference_only
2026-04-24,2026-04-24,10,1389.83,404.63,2138.44,231.64,production
2026-04-24,2026-04-24,10,1459.0,437.0,2168.68,243.17,production
2026-04-24,2026-04-24,30,1748.08,134.66,2200.0,874.04,production
2026-04-24,2026-04-24,30,2159.16,39.8,2200.0,1079.58,production
2026-04-24,2026-04-24,60,1962.9,6.93,2200.0,1962.9,production
2026-04-24,2026-04-24,60,2196.4,1.99,2200.0,2196.4,production
2026-04-24,2026-04-24,360,3913.88,41.74,2200.0,23483.28,reference_only
2026-04-24,2026-04-24,360,3900.98,4.08,2200.0,23405.88,reference_only
2026-04-24,2026-04-24,1440,4266.21,0.0,2200.0,102389.04,reference_only
2026-04-24,2026-04-24,1440,3995.31,0.0,2200.0,95887.44,reference_only
2026-04-25,2026-04-25,10,10469.64,8984.43,2188.59,1744.94,production
2026-04-25,2026-04-25,10,10472.9,8995.55,2195.7,1745.48,production
2026-04-25,2026-04-25,30,10309.34,7461.0,2200.0,5154.67,production
2026-04-25,2026-04-25,30,10389.83,6374.86,2200.0,5194.91,production
2026-04-25,2026-04-25,60,9987.89,6005.1,2200.0,9987.89,production
2026-04-25,2026-04-25,60,9953.91,5938.05,2200.0,9953.91,production
2026-04-25,2026-04-25,360,8498.44,1971.16,2200.0,50990.64,reference_only
2026-04-25,2026-04-25,360,7956.52,985.65,2200.0,47739.12,reference_only
2026-04-25,2026-04-25,1440,9241.84,2015.29,2200.0,221804.16,reference_only
2026-04-25,2026-04-25,1440,9162.99,1914.42,2200.0,219911.76,reference_only
2026-04-26,2026-04-26,10,7520.81,5876.73,2200.0,1253.47,production
2026-04-26,2026-04-26,10,7523.57,5905.35,2200.0,1253.93,production
2026-04-26,2026-04-26,30,7468.21,4421.11,2200.0,3734.11,production
2026-04-26,2026-04-26,30,7438.26,3489.71,2200.0,3719.13,production
2026-04-26,2026-04-26,60,7373.67,3384.79,2200.0,7373.67,production
2026-04-26,2026-04-26,60,7340.45,3390.83,2200.0,7340.45,production
2026-04-26,2026-04-26,360,9033.36,2334.19,2200.0,54200.16,reference_only
2026-04-26,2026-04-26,360,8978.52,1849.54,2200.0,53871.12,reference_only
2026-04-26,2026-04-26,1440,8352.33,1010.28,2200.0,200455.92,reference_only
2026-04-26,2026-04-26,1440,8133.93,998.15,2200.0,195214.32,reference_only
2026-04-27,2026-04-27,10,5135.35,3877.07,2182.04,855.89,production
2026-04-27,2026-04-27,10,5141.03,3889.2,2184.39,856.84,production
2026-04-27,2026-04-27,30,5264.57,3092.06,2200.0,2632.28,production
2026-04-27,2026-04-27,30,5291.61,2415.24,2200.0,2645.8,production
2026-04-27,2026-04-27,60,5506.57,2482.44,2200.0,5506.57,production
2026-04-27,2026-04-27,60,5536.54,2546.76,2200.0,5536.54,production
2026-04-27,2026-04-27,360,6859.69,1294.85,2200.0,41158.14,reference_only
2026-04-27,2026-04-27,360,6738.37,842.01,2200.0,40430.22,reference_only
2026-04-27,2026-04-27,1440,6852.9,706.7,2200.0,164469.6,reference_only
2026-04-27,2026-04-27,1440,6777.43,595.49,2200.0,162658.32,reference_only
2026-04-28,2026-04-28,10,1091.52,205.53,2139.13,181.92,production
2026-04-28,2026-04-28,10,1109.69,194.86,2158.92,184.95,production
2026-04-28,2026-04-28,30,1355.6,9.42,2200.0,677.8,production
2026-04-28,2026-04-28,30,1412.4,0.0,2200.0,706.2,production
2026-04-28,2026-04-28,60,1636.0,0.0,2200.0,1636.0,production
2026-04-28,2026-04-28,60,1695.93,0.0,2200.0,1695.93,production
2026-04-28,2026-04-28,360,3169.8,1.57,2200.0,19018.8,reference_only
2026-04-28,2026-04-28,360,3306.46,0.0,2200.0,19838.76,reference_only
2026-04-28,2026-04-28,1440,4596.51,0.0,2200.0,110316.24,reference_only
2026-04-28,2026-04-28,1440,5005.3,0.0,2200.0,120127.2,reference_only
2026-04-29,2026-04-29,10,798.01,129.14,2097.34,133.0,production
2026-04-29,2026-04-29,10,882.99,122.76,2153.05,147.16,production
2026-04-29,2026-04-29,30,1097.0,2.74,2200.0,548.5,production
2026-04-29,2026-04-29,30,1871.98,4.72,2200.0,935.99,production
2026-04-29,2026-04-29,60,1379.28,0.0,2200.0,1379.28,production
2026-04-29,2026-04-29,60,1922.58,0.0,2200.0,1922.58,production
2026-04-29,2026-04-29,360,2649.43,0.0,2200.0,15896.58,reference_only
2026-04-29,2026-04-29,360,3175.36,0.0,2200.0,19052.16,reference_only
2026-04-29,2026-04-29,1440,4242.99,0.0,2200.0,101831.76,reference_only
2026-04-29,2026-04-29,1440,4360.29,0.0,2200.0,104646.96,reference_only
2026-04-30,2026-04-30,10,9434.74,8132.43,2165.7,1572.46,production
2026-04-30,2026-04-30,10,9451.77,8151.0,2179.0,1575.3,production
2026-04-30,2026-04-30,30,9491.25,6976.28,2200.0,4745.62,production
2026-04-30,2026-04-30,30,9567.49,6026.07,2200.0,4783.74,production
2026-04-30,2026-04-30,60,9464.05,5933.97,2200.0,9464.05,production
2026-04-30,2026-04-30,60,9517.97,5884.16,2200.0,9517.97,production
2026-04-30,2026-04-30,360,6943.67,1392.1,2200.0,41662.02,reference_only
2026-04-30,2026-04-30,360,6647.54,824.38,2200.0,39885.24,reference_only
2026-04-30,2026-04-30,1440,9074.65,2273.52,2200.0,217791.6,reference_only
2026-04-30,2026-04-30,1440,8943.16,2155.3,2200.0,214635.84,reference_only
2026-05-01,2026-05-01,10,3732.53,2404.69,2172.19,622.09,production
2026-05-01,2026-05-01,10,3759.43,2424.11,2184.5,626.57,production
2026-05-01,2026-05-01,30,3956.74,1487.71,2200.0,1978.37,production
2026-05-01,2026-05-01,30,4264.32,766.18,2200.0,2132.16,production
2026-05-01,2026-05-01,60,4323.36,969.19,2200.0,4323.36,production
2026-05-01,2026-05-01,60,4577.16,1060.11,2200.0,4577.16,production
2026-05-01,2026-05-01,360,5531.06,450.79,2200.0,33186.36,reference_only
2026-05-01,2026-05-01,360,5277.53,124.92,2200.0,31665.18,reference_only
2026-05-01,2026-05-01,1440,6079.96,22.54,2200.0,145919.04,reference_only
2026-05-01,2026-05-01,1440,6141.27,34.6,2200.0,147390.48,reference_only
2026-05-02,2026-05-02,10,6858.27,5590.47,2167.74,1143.05,production
2026-05-02,2026-05-02,10,6896.76,5639.64,2169.13,1149.46,production
2026-05-02,2026-05-02,30,6938.8,4604.49,2200.0,3469.4,production
2026-05-02,2026-05-02,30,7007.01,3908.58,2200.0,3503.51,production
2026-05-02,2026-05-02,60,6858.91,3671.2,2200.0,6858.91,production
2026-05-02,2026-05-02,60,6968.13,3696.03,2200.0,6968.13,production
2026-05-02,2026-05-02,360,5978.79,680.13,2200.0,35872.74,reference_only
2026-05-02,2026-05-02,360,6217.67,454.9,2200.0,37306.02,reference_only
2026-05-02,2026-05-02,1440,7624.58,1118.89,2200.0,182989.92,reference_only
2026-05-02,2026-05-02,1440,7779.89,1106.98,2200.0,186717.36,reference_only
2026-05-03,2026-05-03,10,9527.48,8012.31,2192.28,1587.91,production
2026-05-03,2026-05-03,10,9533.16,8034.94,2192.23,1588.86,production
2026-05-03,2026-05-03,30,9328.86,6536.23,2200.0,4664.43,production
2026-05-03,2026-05-03,30,9292.22,5573.8,2200.0,4646.11,production
2026-05-03,2026-05-03,60,9015.46,5190.12,2200.0,9015.46,production
2026-05-03,2026-05-03,60,8989.03,5197.39,2200.0,8989.03,production
2026-05-03,2026-05-03,360,8390.4,2031.39,2200.0,50342.4,reference_only
2026-05-03,2026-05-03,360,8656.78,1606.72,2200.0,51940.68,reference_only
2026-05-03,2026-05-03,1440,8700.92,1633.52,2200.0,208822.08,reference_only
2026-05-03,2026-05-03,1440,8746.55,1640.89,2200.0,209917.2,reference_only
2026-05-04,2026-05-04,10,3085.75,1599.99,2199.7,514.29,production
2026-05-04,2026-05-04,10,3014.51,1546.18,2199.04,502.42,production
2026-05-04,2026-05-04,30,3159.99,679.67,2200.0,1579.99,production
2026-05-04,2026-05-04,30,3086.51,248.66,2200.0,1543.26,production
2026-05-04,2026-05-04,60,3208.25,211.52,2200.0,3208.25,production
2026-05-04,2026-05-04,60,3218.76,301.82,2200.0,3218.76,production
2026-05-04,2026-05-04,360,6430.46,1226.71,2200.0,38582.76,reference_only
2026-05-04,2026-05-04,360,7782.76,1447.26,2200.0,46696.56,reference_only
2026-05-04,2026-05-04,1440,4603.51,0.0,2200.0,110484.24,reference_only
2026-05-04,2026-05-04,1440,4624.1,0.0,2200.0,110978.4,reference_only
2026-05-05,2026-05-05,10,10854.32,9322.29,2194.86,1809.05,production
2026-05-05,2026-05-05,10,10811.96,9299.69,2195.3,1801.99,production
2026-05-05,2026-05-05,30,10569.34,7700.62,2200.0,5284.67,production
2026-05-05,2026-05-05,30,10530.63,6521.45,2200.0,5265.31,production
2026-05-05,2026-05-05,60,10231.36,6217.09,2200.0,10231.36,production
2026-05-05,2026-05-05,60,10161.99,6187.59,2200.0,10161.99,production
2026-05-05,2026-05-05,360,9122.05,2057.14,2200.0,54732.3,reference_only
2026-05-05,2026-05-05,360,9569.71,1700.56,2200.0,57418.26,reference_only
2026-05-05,2026-05-05,1440,9818.19,2190.91,2200.0,235636.56,reference_only
2026-05-05,2026-05-05,1440,9659.24,2092.25,2200.0,231821.76,reference_only
2026-05-06,2026-05-06,10,11484.26,9830.16,2200.0,1914.04,production
2026-05-06,2026-05-06,10,11514.26,9885.49,2200.0,1919.04,production
2026-05-06,2026-05-06,30,11058.74,7881.62,2200.0,5529.37,production
2026-05-06,2026-05-06,30,11036.0,6489.14,2200.0,5518.0,production
2026-05-06,2026-05-06,60,10458.68,5925.34,2200.0,10458.68,production
2026-05-06,2026-05-06,60,10451.19,5948.83,2200.0,10451.19,production
2026-05-06,2026-05-06,360,10614.61,3270.58,2200.0,63687.66,reference_only
2026-05-06,2026-05-06,360,11666.18,3137.37,2200.0,69997.08,reference_only
2026-05-06,2026-05-06,1440,8452.77,1149.38,2200.0,202866.48,reference_only
2026-05-06,2026-05-06,1440,8495.59,1066.81,2200.0,203894.16,reference_only
2026-05-07,2026-05-07,10,5216.36,3790.24,2197.5,869.39,production
2026-05-07,2026-05-07,10,5235.34,3814.65,2199.06,872.56,production
2026-05-07,2026-05-07,30,5354.12,2991.38,2200.0,2677.06,production
2026-05-07,2026-05-07,30,5474.13,2503.66,2200.0,2737.07,production
2026-05-07,2026-05-07,60,5592.86,2285.51,2200.0,5592.86,production
2026-05-07,2026-05-07,60,5468.34,2193.19,2200.0,5468.34,production
2026-05-07,2026-05-07,360,6486.82,950.06,2200.0,38920.92,reference_only
2026-05-07,2026-05-07,360,6738.12,737.69,2200.0,40428.72,reference_only
2026-05-07,2026-05-07,1440,5959.13,147.17,2200.0,143019.12,reference_only
2026-05-07,2026-05-07,1440,6175.9,168.43,2200.0,148221.6,reference_only
2026-05-08,2026-05-08,10,491.59,7.54,2049.58,81.93,production
2026-05-08,2026-05-08,10,930.69,3.2,2198.2,155.12,production
2026-05-08,2026-05-08,30,834.97,0.0,2200.0,417.49,production
2026-05-08,2026-05-08,30,4526.37,0.0,2200.0,2263.18,production
2026-05-08,2026-05-08,60,1090.83,0.0,2200.0,1090.83,production
2026-05-08,2026-05-08,60,2842.7,0.0,2200.0,2842.7,production
2026-05-08,2026-05-08,360,3998.69,0.0,2200.0,23992.14,reference_only
2026-05-08,2026-05-08,360,5049.79,3.07,2200.0,30298.74,reference_only
2026-05-08,2026-05-08,1440,4261.34,0.0,2200.0,102272.16,reference_only
2026-05-08,2026-05-08,1440,4370.6,0.0,2200.0,104894.4,reference_only
2026-05-09,2026-05-09,10,378.33,0.0,2036.98,63.05,production
2026-05-09,2026-05-09,10,866.4,0.0,2200.0,144.4,production
2026-05-09,2026-05-09,30,726.61,0.0,2200.0,363.31,production
2026-05-09,2026-05-09,30,4806.32,0.0,2200.0,2403.16,production
2026-05-09,2026-05-09,60,1007.45,0.0,2200.0,1007.45,production
2026-05-09,2026-05-09,60,2947.76,0.0,2200.0,2947.76,production
2026-05-09,2026-05-09,360,3378.16,0.0,2200.0,20268.96,reference_only
2026-05-09,2026-05-09,360,6710.0,242.33,2200.0,40260.0,reference_only
2026-05-09,2026-05-09,1440,3987.55,0.0,2200.0,95701.2,reference_only
2026-05-09,2026-05-09,1440,4082.92,0.0,2200.0,97990.08,reference_only
2026-05-10,2026-05-10,10,378.33,0.0,2036.98,63.05,production
2026-05-10,2026-05-10,10,866.4,0.0,2200.0,144.4,production
2026-05-10,2026-05-10,30,726.61,0.0,2200.0,363.31,production
2026-05-10,2026-05-10,30,4806.32,0.0,2200.0,2403.16,production
2026-05-10,2026-05-10,60,1007.45,0.0,2200.0,1007.45,production
2026-05-10,2026-05-10,60,2947.76,0.0,2200.0,2947.76,production
2026-05-10,2026-05-10,360,3022.19,0.0,2200.0,18133.14,reference_only
2026-05-10,2026-05-10,360,6342.97,229.36,2200.0,38057.82,reference_only
2026-05-10,2026-05-10,1440,3987.55,0.0,2200.0,95701.2,reference_only
2026-05-10,2026-05-10,1440,4082.92,0.0,2200.0,97990.08,reference_only
2026-05-11,2026-05-11,10,378.33,0.0,2036.98,63.05,production
2026-05-11,2026-05-11,10,866.4,0.0,2200.0,144.4,production
2026-05-11,2026-05-11,30,726.61,0.0,2200.0,363.31,production
2026-05-11,2026-05-11,30,4806.32,0.0,2200.0,2403.16,production
2026-05-11,2026-05-11,60,1007.45,0.0,2200.0,1007.45,production
2026-05-11,2026-05-11,60,2947.76,0.0,2200.0,2947.76,production
2026-05-11,2026-05-11,360,3022.19,0.0,2200.0,18133.14,reference_only
2026-05-11,2026-05-11,360,6342.97,229.36,2200.0,38057.82,reference_only
2026-05-11,2026-05-11,1440,3987.55,0.0,2200.0,95701.2,reference_only
2026-05-11,2026-05-11,1440,4082.92,0.0,2200.0,97990.08,reference_only
2026-05-12,2026-05-12,10,378.33,0.0,2036.98,63.05,production
2026-05-12,2026-05-12,10,866.4,0.0,2200.0,144.4,production
2026-05-12,2026-05-12,30,726.61,0.0,2200.0,363.31,production
2026-05-12,2026-05-12,30,4806.32,0.0,2200.0,2403.16,production
2026-05-12,2026-05-12,60,1007.45,0.0,2200.0,1007.45,production
2026-05-12,2026-05-12,60,2947.76,0.0,2200.0,2947.76,production
2026-05-12,2026-05-12,360,3022.19,0.0,2200.0,18133.14,reference_only
2026-05-12,2026-05-12,360,6342.97,229.36,2200.0,38057.82,reference_only
2026-05-12,2026-05-12,1440,3987.55,0.0,2200.0,95701.2,reference_only
2026-05-12,2026-05-12,1440,4082.92,0.0,2200.0,97990.08,reference_only
2026-05-13,2026-05-13,10,910.65,156.48,2103.43,151.78,production
2026-05-13,2026-05-13,10,997.17,163.41,2154.77,166.19,production
2026-05-13,2026-05-13,30,1230.96,0.0,2200.0,615.48,production
2026-05-13,2026-05-13,30,2006.68,3.14,2200.0,1003.34,production
2026-05-13,2026-05-13,60,1462.33,0.0,2200.0,1462.33,production
2026-05-13,2026-05-13,60,1980.41,0.0,2200.0,1980.41,production
2026-05-13,2026-05-13,360,2804.08,0.0,2200.0,16824.48,reference_only
2026-05-13,2026-05-13,360,3910.73,11.23,2200.0,23464.38,reference_only
2026-05-13,2026-05-13,1440,4780.19,0.0,2200.0,114724.56,reference_only
2026-05-13,2026-05-13,1440,4271.12,0.0,2200.0,102506.88,reference_only
2026-05-14,2026-05-14,10,3781.96,2378.86,2189.94,630.33,production
2026-05-14,2026-05-14,10,3801.38,2410.78,2189.77,633.56,production
2026-05-14,2026-05-14,30,3924.49,1650.69,2200.0,1962.24,production
2026-05-14,2026-05-14,30,3889.75,1187.68,2200.0,1944.88,production
2026-05-14,2026-05-14,60,4151.87,1239.42,2200.0,4151.87,production
2026-05-14,2026-05-14,60,4108.86,1212.61,2200.0,4108.86,production
2026-05-14,2026-05-14,360,4802.77,240.18,2200.0,28816.62,reference_only
2026-05-14,2026-05-14,360,4999.28,48.3,2200.0,29995.68,reference_only
2026-05-14,2026-05-14,1440,5961.07,621.54,2200.0,143065.68,reference_only
2026-05-14,2026-05-14,1440,5627.5,281.36,2200.0,135060.0,reference_only
2026-05-15,2026-05-15,10,3953.25,2492.23,2197.44,658.88,production
2026-05-15,2026-05-15,10,3971.5,2526.17,2196.71,661.92,production
2026-05-15,2026-05-15,30,4160.67,1655.92,2200.0,2080.34,production
2026-05-15,2026-05-15,30,4097.63,1059.44,2200.0,2048.82,production
2026-05-15,2026-05-15,60,4438.22,1172.28,2200.0,4438.22,production
2026-05-15,2026-05-15,60,4424.01,1187.96,2200.0,4424.01,production
2026-05-15,2026-05-15,360,6444.14,768.2,2200.0,38664.84,reference_only
2026-05-15,2026-05-15,360,7097.95,816.36,2200.0,42587.7,reference_only
2026-05-15,2026-05-15,1440,5612.18,194.33,2200.0,134692.32,reference_only
2026-05-15,2026-05-15,1440,5533.13,158.97,2200.0,132795.12,reference_only
2026-05-16,2026-05-16,10,2379.89,1205.31,2163.09,396.65,production
2026-05-16,2026-05-16,10,2410.47,1220.33,2178.26,401.74,production
2026-05-16,2026-05-16,30,2654.88,642.85,2200.0,1327.44,production
2026-05-16,2026-05-16,30,2833.09,260.31,2200.0,1416.55,production
2026-05-16,2026-05-16,60,2956.6,332.62,2200.0,2956.6,production
2026-05-16,2026-05-16,60,3097.45,329.52,2200.0,3097.45,production
2026-05-16,2026-05-16,360,4149.21,244.52,2200.0,24895.26,reference_only
2026-05-16,2026-05-16,360,4269.37,125.95,2200.0,25616.22,reference_only
2026-05-16,2026-05-16,1440,4795.46,0.0,2200.0,115091.04,reference_only
2026-05-16,2026-05-16,1440,4828.89,0.0,2200.0,115893.36,reference_only
2026-05-17,2026-05-17,10,2267.38,1012.45,2173.13,377.9,production
2026-05-17,2026-05-17,10,2294.68,1039.81,2178.3,382.45,production
2026-05-17,2026-05-17,30,2511.68,498.89,2200.0,1255.84,production
2026-05-17,2026-05-17,30,2534.51,237.94,2200.0,1267.26,production
2026-05-17,2026-05-17,60,2766.39,271.27,2200.0,2766.39,production
2026-05-17,2026-05-17,60,2843.24,281.99,2200.0,2843.24,production
2026-05-17,2026-05-17,360,3641.06,57.09,2200.0,21846.36,reference_only
2026-05-17,2026-05-17,360,4114.6,44.12,2200.0,24687.6,reference_only
2026-05-17,2026-05-17,1440,4754.14,0.0,2200.0,114099.36,reference_only
2026-05-17,2026-05-17,1440,4713.37,0.0,2200.0,113120.88,reference_only
2026-05-18,2026-05-18,10,2800.81,1621.27,2153.67,466.8,production
2026-05-18,2026-05-18,10,2858.63,1645.11,2175.38,476.44,production
2026-05-18,2026-05-18,30,3072.1,964.31,2200.0,1536.05,production
2026-05-18,2026-05-18,30,3527.92,506.99,2200.0,1763.96,production
2026-05-18,2026-05-18,60,3328.64,549.19,2200.0,3328.64,production
2026-05-18,2026-05-18,60,3608.9,572.96,2200.0,3608.9,production
2026-05-18,2026-05-18,360,2787.22,0.0,2200.0,16723.32,reference_only
2026-05-18,2026-05-18,360,3016.82,0.0,2200.0,18100.92,reference_only
2026-05-18,2026-05-18,1440,5078.0,0.0,2200.0,121872.0,reference_only
2026-05-18,2026-05-18,1440,4973.68,0.0,2200.0,119368.32,reference_only
2026-05-19,2026-05-19,10,2030.34,960.53,2135.36,338.39,production
2026-05-19,2026-05-19,10,2066.13,970.03,2163.46,344.36,production
2026-05-19,2026-05-19,30,2317.92,470.68,2200.0,1158.96,production
2026-05-19,2026-05-19,30,2627.64,195.34,2200.0,1313.82,production
2026-05-19,2026-05-19,60,2568.39,202.66,2200.0,2568.39,production
2026-05-19,2026-05-19,60,2881.77,226.97,2200.0,2881.77,production
2026-05-19,2026-05-19,360,3052.57,0.0,2200.0,18315.42,reference_only
2026-05-19,2026-05-19,360,3536.92,0.0,2200.0,21221.52,reference_only
2026-05-19,2026-05-19,1440,4702.61,0.0,2200.0,112862.64,reference_only
2026-05-19,2026-05-19,1440,4278.09,0.0,2200.0,102674.16,reference_only
2026-05-20,2026-05-20,10,925.92,207.2,2109.07,154.32,production
2026-05-20,2026-05-20,10,973.98,209.45,2135.25,162.33,production
2026-05-20,2026-05-20,30,1285.3,48.8,2200.0,642.65,production
2026-05-20,2026-05-20,30,1607.43,0.0,2200.0,803.72,production
2026-05-20,2026-05-20,60,1588.42,0.0,2200.0,1588.42,production
2026-05-20,2026-05-20,60,1937.37,2.21,2200.0,1937.37,production
2026-05-20,2026-05-20,360,3379.58,0.0,2200.0,20277.48,reference_only
2026-05-20,2026-05-20,360,3486.87,0.0,2200.0,20921.22,reference_only
2026-05-20,2026-05-20,1440,4271.6,0.0,2200.0,102518.4,reference_only
2026-05-20,2026-05-20,1440,4412.61,0.0,2200.0,105902.64,reference_only
2026-05-21,2026-05-21,10,1255.66,427.99,2110.66,209.28,production
2026-05-21,2026-05-21,10,1335.17,448.92,2149.93,222.53,production
2026-05-21,2026-05-21,30,1560.92,85.59,2200.0,780.46,production
2026-05-21,2026-05-21,30,1849.94,0.0,2200.0,924.97,production
2026-05-21,2026-05-21,60,1823.76,0.0,2200.0,1823.76,production
2026-05-21,2026-05-21,60,2240.79,0.07,2200.0,2240.79,production
2026-05-21,2026-05-21,360,1865.58,0.0,2200.0,11193.48,reference_only
2026-05-21,2026-05-21,360,2482.23,0.0,2200.0,14893.38,reference_only
2026-05-21,2026-05-21,1440,4912.18,0.0,2200.0,117892.32,reference_only
2026-05-21,2026-05-21,1440,4427.44,0.0,2200.0,106258.56,reference_only
2026-05-22,2026-05-22,10,1453.62,599.5,2119.56,242.27,production
2026-05-22,2026-05-22,10,1497.37,609.89,2144.81,249.56,production
2026-05-22,2026-05-22,30,1871.16,262.52,2200.0,935.58,production
2026-05-22,2026-05-22,30,2218.2,49.88,2200.0,1109.1,production
2026-05-22,2026-05-22,60,2033.7,79.4,2200.0,2033.7,production
2026-05-22,2026-05-22,60,2291.71,83.43,2200.0,2291.71,production
2026-05-22,2026-05-22,360,2631.42,0.0,2200.0,15788.52,reference_only
2026-05-22,2026-05-22,360,3457.26,2.04,2200.0,20743.56,reference_only
2026-05-22,2026-05-22,1440,4832.06,0.0,2200.0,115969.44,reference_only
2026-05-22,2026-05-22,1440,4526.34,0.0,2200.0,108632.16,reference_only
2026-05-23,2026-05-23,10,3636.27,2423.07,2167.47,606.04,production
2026-05-23,2026-05-23,10,3673.14,2454.76,2174.53,612.19,production
2026-05-23,2026-05-23,30,3871.65,1760.49,2200.0,1935.83,production
2026-05-23,2026-05-23,30,3903.01,1312.87,2200.0,1951.51,production
2026-05-23,2026-05-23,60,4270.67,1485.57,2200.0,4270.67,production
2026-05-23,2026-05-23,60,4426.33,1583.53,2200.0,4426.33,production
2026-05-23,2026-05-23,360,4270.69,45.6,2200.0,25624.14,reference_only
2026-05-23,2026-05-23,360,4394.2,0.0,2200.0,26365.2,reference_only
2026-05-23,2026-05-23,1440,5307.17,350.34,2200.0,127372.08,reference_only
2026-05-23,2026-05-23,1440,5352.2,177.29,2200.0,128452.8,reference_only
2026-05-24,2026-05-24,10,4889.16,3470.98,2189.4,814.86,production
2026-05-24,2026-05-24,10,4908.45,3504.96,2188.05,818.08,production
2026-05-24,2026-05-24,30,5075.44,2559.27,2200.0,2537.72,production
2026-05-24,2026-05-24,30,5061.09,1878.17,2200.0,2530.55,production
2026-05-24,2026-05-24,60,5318.12,1938.77,2200.0,5318.12,production
2026-05-24,2026-05-24,60,5293.34,1974.35,2200.0,5293.34,production
2026-05-24,2026-05-24,360,4955.51,223.44,2200.0,29733.06,reference_only
2026-05-24,2026-05-24,360,5281.38,46.97,2200.0,31688.28,reference_only
2026-05-24,2026-05-24,1440,6123.08,409.82,2200.0,146953.92,reference_only
2026-05-24,2026-05-24,1440,5939.17,238.49,2200.0,142540.08,reference_only
2026-05-25,2026-05-25,10,5006.08,3517.78,2190.51,834.35,production
2026-05-25,2026-05-25,10,5015.96,3540.11,2193.99,835.99,production
2026-05-25,2026-05-25,30,5153.29,2532.7,2200.0,2576.64,production
2026-05-25,2026-05-25,30,5164.93,1915.14,2200.0,2582.47,production
2026-05-25,2026-05-25,60,5276.6,1869.71,2200.0,5276.6,production
2026-05-25,2026-05-25,60,5301.14,1863.4,2200.0,5301.14,production
2026-05-25,2026-05-25,360,5817.29,507.38,2200.0,34903.74,reference_only
2026-05-25,2026-05-25,360,5680.72,179.43,2200.0,34084.32,reference_only
2026-05-25,2026-05-25,1440,6126.06,251.35,2200.0,147025.44,reference_only
2026-05-25,2026-05-25,1440,6039.56,206.3,2200.0,144949.44,reference_only
2026-05-26,2026-05-26,10,8739.78,7157.26,2197.58,1456.63,production
2026-05-26,2026-05-26,10,8750.2,7182.85,2197.75,1458.37,production
2026-05-26,2026-05-26,30,8545.51,5551.48,2200.0,4272.76,production
2026-05-26,2026-05-26,30,8499.8,4418.31,2200.0,4249.9,production
2026-05-26,2026-05-26,60,8113.18,3949.3,2200.0,8113.18,production
2026-05-26,2026-05-26,60,8146.69,4017.3,2200.0,8146.69,production
2026-05-26,2026-05-26,360,8236.08,1635.88,2200.0,49416.48,reference_only
2026-05-26,2026-05-26,360,8217.81,1146.75,2200.0,49306.86,reference_only
2026-05-26,2026-05-26,1440,7527.65,491.24,2200.0,180663.6,reference_only
2026-05-26,2026-05-26,1440,7419.34,570.15,2200.0,178064.16,reference_only
2026-05-27,2026-05-27,10,5748.28,4318.99,2184.03,958.05,production
2026-05-27,2026-05-27,10,5740.79,4320.06,2182.92,956.8,production
2026-05-27,2026-05-27,30,5829.85,3190.45,2200.0,2914.93,production
2026-05-27,2026-05-27,30,5860.73,2378.27,2200.0,2930.36,production
2026-05-27,2026-05-27,60,5922.84,2282.73,2200.0,5922.84,production
2026-05-27,2026-05-27,60,5978.28,2297.13,2200.0,5978.28,production
2026-05-27,2026-05-27,360,7288.87,1212.55,2200.0,43733.22,reference_only
2026-05-27,2026-05-27,360,7105.88,654.63,2200.0,42635.28,reference_only
2026-05-27,2026-05-27,1440,6527.27,448.95,2200.0,156654.48,reference_only
2026-05-27,2026-05-27,1440,6461.06,399.82,2200.0,155065.44,reference_only
2026-05-28,2026-05-28,10,3219.66,1777.06,2189.69,536.61,production
2026-05-28,2026-05-28,10,3231.81,1803.97,2189.49,538.63,production
2026-05-28,2026-05-28,30,3531.48,1035.33,2200.0,1765.74,production
2026-05-28,2026-05-28,30,3515.83,510.04,2200.0,1757.91,production
2026-05-28,2026-05-28,60,3902.92,627.5,2200.0,3902.92,production
2026-05-28,2026-05-28,60,3919.23,648.49,2200.0,3919.23,production
2026-05-28,2026-05-28,360,5727.53,666.69,2200.0,34365.18,reference_only
2026-05-28,2026-05-28,360,5491.46,361.74,2200.0,32948.76,reference_only
2026-05-28,2026-05-28,1440,5138.77,0.0,2200.0,123330.48,reference_only
2026-05-28,2026-05-28,1440,5196.38,0.0,2200.0,124713.12,reference_only
2026-05-29,2026-05-29,10,3172.37,2135.43,2129.96,528.73,production
2026-05-29,2026-05-29,10,3200.31,2126.27,2162.32,533.38,production
2026-05-29,2026-05-29,30,3379.89,1439.2,2200.0,1689.94,production
2026-05-29,2026-05-29,30,3729.85,909.58,2200.0,1864.92,production
2026-05-29,2026-05-29,60,3650.57,986.09,2200.0,3650.57,production
2026-05-29,2026-05-29,60,3946.91,964.06,2200.0,3946.91,production
2026-05-29,2026-05-29,360,6672.33,1664.71,2200.0,40033.98,reference_only
2026-05-29,2026-05-29,360,7440.7,1415.89,2200.0,44644.2,reference_only
2026-05-29,2026-05-29,1440,5181.63,6.73,2200.0,124359.12,reference_only
2026-05-29,2026-05-29,1440,4975.14,23.64,2200.0,119403.36,reference_only
2026-05-30,2026-05-30,10,638.11,117.29,2073.4,106.35,production
2026-05-30,2026-05-30,10,728.92,131.49,2128.78,121.49,production
2026-05-30,2026-05-30,30,1035.57,79.13,2200.0,517.78,production
2026-05-30,2026-05-30,30,1910.37,43.5,2200.0,955.18,production
2026-05-30,2026-05-30,60,1279.9,28.33,2200.0,1279.9,production
2026-05-30,2026-05-30,60,2110.41,40.13,2200.0,2110.41,production
2026-05-30,2026-05-30,360,3856.58,3.48,2200.0,23139.48,reference_only
2026-05-30,2026-05-30,360,4001.06,0.0,2200.0,24006.36,reference_only
2026-05-30,2026-05-30,1440,4820.55,0.0,2200.0,115693.2,reference_only
2026-05-30,2026-05-30,1440,3900.4,12.13,2200.0,93609.6,reference_only
2026-05-31,2026-05-31,10,2531.2,1632.85,2121.9,421.87,production
2026-05-31,2026-05-31,10,2585.78,1644.66,2157.16,430.96,production
2026-05-31,2026-05-31,30,2818.48,1118.24,2200.0,1409.24,production
2026-05-31,2026-05-31,30,3025.26,776.18,2200.0,1512.63,production
2026-05-31,2026-05-31,60,2921.73,718.76,2200.0,2921.73,production
2026-05-31,2026-05-31,60,3334.19,723.13,2200.0,3334.19,production
2026-05-31,2026-05-31,360,7993.54,1201.39,2200.0,47961.24,reference_only
2026-05-31,2026-05-31,360,7107.48,300.77,2200.0,42644.88,reference_only
2026-05-31,2026-05-31,1440,4592.23,0.0,2200.0,110213.52,reference_only
2026-05-31,2026-05-31,1440,4296.48,0.0,2200.0,103115.52,reference_only
2026-06-01,2026-06-01,10,9936.25,8283.36,2200.0,1656.04,production
2026-06-01,2026-06-01,10,9949.08,8316.19,2200.0,1658.18,production
2026-06-01,2026-06-01,30,9826.22,6611.65,2200.0,4913.11,production
2026-06-01,2026-06-01,30,9629.98,5031.14,2200.0,4814.99,production
2026-06-01,2026-06-01,60,9811.09,5167.06,2200.0,9811.09,production
2026-06-01,2026-06-01,60,10403.8,5789.48,2200.0,10403.8,production
2026-06-01,2026-06-01,360,7316.34,928.61,2200.0,43898.04,reference_only
2026-06-01,2026-06-01,360,7895.69,749.89,2200.0,47374.14,reference_only
2026-06-01,2026-06-01,1440,8176.62,481.46,2200.0,196238.88,reference_only
2026-06-01,2026-06-01,1440,9021.45,806.24,2200.0,216514.8,reference_only
2026-06-02,2026-06-02,10,3043.31,1985.62,2146.33,507.22,production
2026-06-02,2026-06-02,10,3100.22,2000.63,2167.3,516.7,production
2026-06-02,2026-06-02,30,3387.31,1384.25,2200.0,1693.65,production
2026-06-02,2026-06-02,30,3848.41,867.03,2200.0,1924.2,production
2026-06-02,2026-06-02,60,3572.26,986.25,2200.0,3572.26,production
2026-06-02,2026-06-02,60,3917.77,985.94,2200.0,3917.77,production
2026-06-02,2026-06-02,360,4295.16,136.67,2200.0,25770.96,reference_only
2026-06-02,2026-06-02,360,4039.72,7.93,2200.0,24238.32,reference_only
2026-06-02,2026-06-02,1440,6735.62,484.58,2200.0,161654.88,reference_only
2026-06-02,2026-06-02,1440,6519.96,597.79,2200.0,156479.04,reference_only
2026-06-03,2026-06-03,10,8630.93,7146.52,2191.66,1438.49,production
2026-06-03,2026-06-03,10,8636.1,7169.62,2189.87,1439.35,production
2026-06-03,2026-06-03,30,8619.02,5888.4,2200.0,4309.51,production
2026-06-03,2026-06-03,30,8639.74,4960.38,2200.0,4319.87,production
2026-06-03,2026-06-03,60,8566.08,4792.14,2200.0,8566.08,production
2026-06-03,2026-06-03,60,8700.12,4952.61,2200.0,8700.12,production
2026-06-03,2026-06-03,360,7725.57,1986.17,2200.0,46353.42,reference_only
2026-06-03,2026-06-03,360,7695.62,1340.42,2200.0,46173.72,reference_only
2026-06-03,2026-06-03,1440,8113.62,1069.69,2200.0,194726.88,reference_only
2026-06-03,2026-06-03,1440,8139.23,1135.64,2200.0,195341.52,reference_only
2026-06-04,2026-06-04,10,3443.81,1827.81,2200.0,573.97,production
2026-06-04,2026-06-04,10,3369.78,1776.53,2200.0,561.63,production
2026-06-04,2026-06-04,30,3423.01,883.26,2200.0,1711.51,production
2026-06-04,2026-06-04,30,3298.27,371.24,2200.0,1649.13,production
2026-06-04,2026-06-04,60,3357.12,342.07,2200.0,3357.12,production
2026-06-04,2026-06-04,60,3419.7,404.45,2200.0,3419.7,production
2026-06-04,2026-06-04,360,5005.22,400.34,2200.0,30031.32,reference_only
2026-06-04,2026-06-04,360,6551.55,630.62,2200.0,39309.3,reference_only
2026-06-04,2026-06-04,1440,4943.17,0.0,2200.0,118636.08,reference_only
2026-06-04,2026-06-04,1440,5685.54,0.0,2200.0,136452.96,reference_only
2026-06-05,2026-06-05,10,7627.81,6053.61,2193.68,1271.3,production
2026-06-05,2026-06-05,10,7590.04,6033.13,2195.08,1265.01,production
2026-06-05,2026-06-05,30,7704.38,4745.46,2200.0,3852.19,production
2026-06-05,2026-06-05,30,7647.9,3811.97,2200.0,3823.95,production
2026-06-05,2026-06-05,60,7765.99,3796.02,2200.0,7765.99,production
2026-06-05,2026-06-05,60,7788.48,3884.99,2200.0,7788.48,production
2026-06-05,2026-06-05,360,8144.33,1807.04,2200.0,48865.98,reference_only
2026-06-05,2026-06-05,360,8587.14,1289.42,2200.0,51522.84,reference_only
2026-06-05,2026-06-05,1440,8367.87,1152.98,2200.0,200828.88,reference_only
2026-06-05,2026-06-05,1440,8534.24,1193.2,2200.0,204821.76,reference_only
2026-06-06,2026-06-06,10,11052.04,9393.39,2200.0,1842.01,production
2026-06-06,2026-06-06,10,11011.28,9377.93,2200.0,1835.21,production
2026-06-06,2026-06-06,30,10760.76,7509.03,2200.0,5380.38,production
2026-06-06,2026-06-06,30,10711.05,5964.36,2200.0,5355.52,production
2026-06-06,2026-06-06,60,10231.76,5526.92,2200.0,10231.76,production
2026-06-06,2026-06-06,60,10289.96,5614.44,2200.0,10289.96,production
2026-06-06,2026-06-06,360,9956.49,2835.57,2200.0,59738.94,reference_only
2026-06-06,2026-06-06,360,9964.36,2390.86,2200.0,59786.16,reference_only
2026-06-06,2026-06-06,1440,8735.66,1286.29,2200.0,209655.84,reference_only
2026-06-06,2026-06-06,1440,8446.09,1110.51,2200.0,202706.16,reference_only
2026-06-07,2026-06-07,10,7996.03,6363.07,2198.72,1332.67,production
2026-06-07,2026-06-07,10,7908.73,6300.63,2198.27,1318.12,production
2026-06-07,2026-06-07,30,8029.71,4953.29,2200.0,4014.86,production
2026-06-07,2026-06-07,30,8024.56,3921.98,2200.0,4012.28,production
2026-06-07,2026-06-07,60,7696.85,3352.54,2200.0,7696.85,production
2026-06-07,2026-06-07,60,7668.3,3376.49,2200.0,7668.3,production
2026-06-07,2026-06-07,360,7860.47,1283.16,2200.0,47162.82,reference_only
2026-06-07,2026-06-07,360,7144.49,470.51,2200.0,42866.94,reference_only
2026-06-07,2026-06-07,1440,6711.06,460.73,2200.0,161065.44,reference_only
2026-06-07,2026-06-07,1440,6922.81,706.77,2200.0,166147.44,reference_only
2026-06-08,2026-06-08,10,889.26,406.95,2047.85,148.21,production
2026-06-08,2026-06-08,10,1386.78,416.5,2196.32,231.13,production
2026-06-08,2026-06-08,30,1281.59,289.21,2200.0,640.79,production
2026-06-08,2026-06-08,30,5010.35,242.79,2200.0,2505.18,production
2026-06-08,2026-06-08,60,1553.4,207.03,2200.0,1553.4,production
2026-06-08,2026-06-08,60,3303.6,170.8,2200.0,3303.6,production
2026-06-08,2026-06-08,360,6420.32,221.25,2200.0,38521.92,reference_only
2026-06-08,2026-06-08,360,6552.09,175.43,2200.0,39312.54,reference_only
2026-06-08,2026-06-08,1440,4552.55,0.0,2200.0,109261.2,reference_only
2026-06-08,2026-06-08,1440,4874.19,164.89,2200.0,116980.56,reference_only
2026-06-09,2026-06-09,10,378.33,0.0,2036.98,63.05,production
2026-06-09,2026-06-09,10,866.4,0.0,2200.0,144.4,production
2026-06-09,2026-06-09,30,726.61,0.0,2200.0,363.31,production
2026-06-09,2026-06-09,30,4806.32,0.0,2200.0,2403.16,production
2026-06-09,2026-06-09,60,1007.45,0.0,2200.0,1007.45,production
2026-06-09,2026-06-09,60,2947.76,0.0,2200.0,2947.76,production
2026-06-09,2026-06-09,360,3570.78,34.28,2200.0,21424.68,reference_only
2026-06-09,2026-06-09,360,6273.3,229.36,2200.0,37639.8,reference_only
2026-06-09,2026-06-09,1440,3987.55,0.0,2200.0,95701.2,reference_only
2026-06-09,2026-06-09,1440,4082.92,0.0,2200.0,97990.08,reference_only
2026-06-10,2026-06-10,10,378.33,0.0,2036.98,63.05,production
2026-06-10,2026-06-10,10,866.4,0.0,2200.0,144.4,production
2026-06-10,2026-06-10,30,726.61,0.0,2200.0,363.31,production
2026-06-10,2026-06-10,30,4806.32,0.0,2200.0,2403.16,production
2026-06-10,2026-06-10,60,1007.45,0.0,2200.0,1007.45,production
2026-06-10,2026-06-10,60,2947.76,0.0,2200.0,2947.76,production
2026-06-10,2026-06-10,360,3022.19,0.0,2200.0,18133.14,reference_only
2026-06-10,2026-06-10,360,6342.97,229.36,2200.0,38057.82,reference_only
2026-06-10,2026-06-10,1440,3987.55,0.0,2200.0,95701.2,reference_only
2026-06-10,2026-06-10,1440,4082.92,0.0,2200.0,97990.08,reference_only
2026-06-11,2026-06-11,10,378.33,0.0,2036.98,63.05,production
2026-06-11,2026-06-11,10,866.4,0.0,2200.0,144.4,production
2026-06-11,2026-06-11,30,726.61,0.0,2200.0,363.31,production
2026-06-11,2026-06-11,30,4806.32,0.0,2200.0,2403.16,production
2026-06-11,2026-06-11,60,1007.45,0.0,2200.0,1007.45,production
2026-06-11,2026-06-11,60,2947.76,0.0,2200.0,2947.76,production
2026-06-11,2026-06-11,360,3022.19,0.0,2200.0,18133.14,reference_only
2026-06-11,2026-06-11,360,6342.97,229.36,2200.0,38057.82,reference_only
2026-06-11,2026-06-11,1440,3987.55,0.0,2200.0,95701.2,reference_only
2026-06-11,2026-06-11,1440,4082.92,0.0,2200.0,97990.08,reference_only
2026-06-12,2026-06-12,10,378.33,0.0,2036.98,63.05,production
2026-06-12,2026-06-12,10,866.4,0.0,2200.0,144.4,production
2026-06-12,2026-06-12,30,726.61,0.0,2200.0,363.31,production
2026-06-12,2026-06-12,30,4806.32,0.0,2200.0,2403.16,production
2026-06-12,2026-06-12,60,1007.45,0.0,2200.0,1007.45,production
2026-06-12,2026-06-12,60,2947.76,0.0,2200.0,2947.76,production
2026-06-12,2026-06-12,360,3022.19,0.0,2200.0,18133.14,reference_only
2026-06-12,2026-06-12,360,6342.97,229.36,2200.0,38057.82,reference_only
2026-06-12,2026-06-12,1440,3987.55,0.0,2200.0,95701.2,reference_only
2026-06-12,2026-06-12,1440,4082.92,0.0,2200.0,97990.08,reference_only
2026-06-13,2026-06-13,10,2206.25,900.18,2184.57,367.71,production
2026-06-13,2026-06-13,10,2248.03,932.02,2189.01,374.67,production
2026-06-13,2026-06-13,30,2468.65,409.58,2200.0,1234.33,production
2026-06-13,2026-06-13,30,2533.04,160.3,2200.0,1266.52,production
2026-06-13,2026-06-13,60,2776.5,199.53,2200.0,2776.5,production
2026-06-13,2026-06-13,60,2851.41,220.33,2200.0,2851.41,production
2026-06-13,2026-06-13,360,2963.27,0.0,2200.0,17779.62,reference_only
2026-06-13,2026-06-13,360,3205.53,0.0,2200.0,19233.18,reference_only
2026-06-13,2026-06-13,1440,4308.31,0.0,2200.0,103399.44,reference_only
2026-06-13,2026-06-13,1440,4494.72,0.0,2200.0,107873.28,reference_only
2026-06-14,2026-06-14,10,3529.22,2274.91,2163.84,588.2,production
2026-06-14,2026-06-14,10,3563.74,2305.09,2176.06,593.96,production
2026-06-14,2026-06-14,30,3793.34,1473.11,2200.0,1896.67,production
2026-06-14,2026-06-14,30,3890.29,890.09,2200.0,1945.14,production
2026-06-14,2026-06-14,60,4175.95,1095.1,2200.0,4175.95,production
2026-06-14,2026-06-14,60,4327.88,1155.02,2200.0,4327.88,production
2026-06-14,2026-06-14,360,4045.13,124.76,2200.0,24270.78,reference_only
2026-06-14,2026-06-14,360,4055.81,6.11,2200.0,24334.86,reference_only
2026-06-14,2026-06-14,1440,5951.73,111.2,2200.0,142841.52,reference_only
2026-06-14,2026-06-14,1440,5960.98,96.47,2200.0,143063.52,reference_only
2026-06-15,2026-06-15,10,7840.08,6181.96,2200.0,1306.68,production
2026-06-15,2026-06-15,10,7842.64,6209.91,2200.0,1307.11,production
2026-06-15,2026-06-15,30,7805.46,4598.35,2200.0,3902.73,production
2026-06-15,2026-06-15,30,7807.41,3292.67,2200.0,3903.7,production
2026-06-15,2026-06-15,60,7821.6,3299.86,2200.0,7821.6,production
2026-06-15,2026-06-15,60,7830.63,3330.69,2200.0,7830.63,production
2026-06-15,2026-06-15,360,6445.18,939.74,2200.0,38671.08,reference_only
2026-06-15,2026-06-15,360,6633.38,758.73,2200.0,39800.28,reference_only
2026-06-15,2026-06-15,1440,6969.05,401.07,2200.0,167257.2,reference_only
2026-06-15,2026-06-15,1440,7063.24,465.74,2200.0,169517.76,reference_only
2026-06-16,2026-06-16,10,7326.97,5728.12,2195.23,1221.16,production
2026-06-16,2026-06-16,10,7351.69,5775.37,2195.11,1225.28,production
2026-06-16,2026-06-16,30,7269.85,4206.95,2200.0,3634.93,production
2026-06-16,2026-06-16,30,7320.42,3137.8,2200.0,3660.21,production
2026-06-16,2026-06-16,60,7279.28,3033.6,2200.0,7279.28,production
2026-06-16,2026-06-16,60,7299.36,3059.21,2200.0,7299.36,production
2026-06-16,2026-06-16,360,7267.98,948.62,2200.0,43607.88,reference_only
2026-06-16,2026-06-16,360,7047.32,713.71,2200.0,42283.92,reference_only
2026-06-16,2026-06-16,1440,7160.7,605.78,2200.0,171856.8,reference_only
2026-06-16,2026-06-16,1440,7218.15,631.21,2200.0,173235.6,reference_only
2026-06-17,2026-06-17,10,5159.58,3609.79,2197.07,859.93,production
2026-06-17,2026-06-17,10,5197.06,3658.54,2199.37,866.18,production
2026-06-17,2026-06-17,30,5342.5,2483.29,2200.0,2671.25,production
2026-06-17,2026-06-17,30,5367.41,1542.19,2200.0,2683.7,production
2026-06-17,2026-06-17,60,5635.25,1646.55,2200.0,5635.25,production
2026-06-17,2026-06-17,60,5656.81,1651.18,2200.0,5656.81,production
2026-06-17,2026-06-17,360,6415.09,810.85,2200.0,38490.54,reference_only
2026-06-17,2026-06-17,360,6767.84,562.49,2200.0,40607.04,reference_only
2026-06-17,2026-06-17,1440,6539.81,101.47,2200.0,156955.44,reference_only
2026-06-17,2026-06-17,1440,6505.87,100.92,2200.0,156140.88,reference_only
2026-06-18,2026-06-18,10,3630.58,2243.74,2184.14,605.1,production
2026-06-18,2026-06-18,10,3667.07,2280.62,2189.23,611.18,production
2026-06-18,2026-06-18,30,3853.67,1490.12,2200.0,1926.84,production
2026-06-18,2026-06-18,30,3988.04,966.8,2200.0,1994.02,production
2026-06-18,2026-06-18,60,4162.89,1053.14,2200.0,4162.89,production
2026-06-18,2026-06-18,60,4150.21,1019.01,2200.0,4150.21,production
2026-06-18,2026-06-18,360,5958.19,350.56,2200.0,35749.14,reference_only
2026-06-18,2026-06-18,360,5861.84,151.47,2200.0,35171.04,reference_only
2026-06-18,2026-06-18,1440,5372.53,7.25,2200.0,128940.72,reference_only
2026-06-18,2026-06-18,1440,5398.25,1.74,2200.0,129558.0,reference_only
2026-06-19,2026-06-19,10,1277.54,419.12,2113.58,212.92,production
2026-06-19,2026-06-19,10,1351.16,427.08,2154.97,225.19,production
2026-06-19,2026-06-19,30,1611.02,103.93,2200.0,805.51,production
2026-06-19,2026-06-19,30,2296.82,17.0,2200.0,1148.41,production
2026-06-19,2026-06-19,60,1864.63,15.65,2200.0,1864.63,production
2026-06-19,2026-06-19,60,2320.73,19.78,2200.0,2320.73,production
2026-06-19,2026-06-19,360,3740.27,0.0,2200.0,22441.62,reference_only
2026-06-19,2026-06-19,360,3996.77,0.0,2200.0,23980.62,reference_only
2026-06-19,2026-06-19,1440,4199.0,0.0,2200.0,100776.0,reference_only
2026-06-19,2026-06-19,1440,4009.01,0.0,2200.0,96216.24,reference_only
2026-06-20,2026-06-20,10,2434.42,1156.21,2180.61,405.74,production
2026-06-20,2026-06-20,10,2442.66,1167.57,2182.78,407.11,production
2026-06-20,2026-06-20,30,2695.51,528.89,2200.0,1347.76,production
2026-06-20,2026-06-20,30,2714.28,141.21,2200.0,1357.14,production
2026-06-20,2026-06-20,60,2984.22,192.56,2200.0,2984.22,production
2026-06-20,2026-06-20,60,3062.45,201.98,2200.0,3062.45,production
2026-06-20,2026-06-20,360,3405.51,4.81,2200.0,20433.06,reference_only
2026-06-20,2026-06-20,360,3387.2,2.58,2200.0,20323.2,reference_only
2026-06-20,2026-06-20,1440,4611.86,0.0,2200.0,110684.64,reference_only
2026-06-20,2026-06-20,1440,4751.54,0.0,2200.0,114036.96,reference_only
2026-06-21,2026-06-21,10,3076.34,1550.66,2196.65,512.72,production
2026-06-21,2026-06-21,10,3095.68,1585.95,2196.4,515.95,production
2026-06-21,2026-06-21,30,3301.14,781.78,2200.0,1650.57,production
2026-06-21,2026-06-21,30,3317.78,379.13,2200.0,1658.89,production
2026-06-21,2026-06-21,60,3564.45,432.15,2200.0,3564.45,production
2026-06-21,2026-06-21,60,3560.34,453.05,2200.0,3560.34,production
2026-06-21,2026-06-21,360,4073.17,0.39,2200.0,24439.02,reference_only
2026-06-21,2026-06-21,360,3644.74,0.0,2200.0,21868.44,reference_only
2026-06-21,2026-06-21,1440,4509.02,0.0,2200.0,108216.48,reference_only
2026-06-21,2026-06-21,1440,4592.44,0.0,2200.0,110218.56,reference_only
2026-06-22,2026-06-22,10,3237.6,1859.47,2184.04,539.6,production
2026-06-22,2026-06-22,10,3269.34,1898.3,2183.66,544.89,production
2026-06-22,2026-06-22,30,3491.08,1008.19,2200.0,1745.54,production
2026-06-22,2026-06-22,30,3498.1,400.85,2200.0,1749.05,production
2026-06-22,2026-06-22,60,3781.65,437.94,2200.0,3781.65,production
2026-06-22,2026-06-22,60,3751.73,449.11,2200.0,3751.73,production
2026-06-22,2026-06-22,360,5781.25,163.44,2200.0,34687.5,reference_only
2026-06-22,2026-06-22,360,5955.46,49.9,2200.0,35732.76,reference_only
2026-06-22,2026-06-22,1440,5171.31,0.0,2200.0,124111.44,reference_only
2026-06-22,2026-06-22,1440,5093.06,0.0,2200.0,122233.44,reference_only
2026-06-23,2026-06-23,10,8398.9,6890.69,2189.18,1399.82,production
2026-06-23,2026-06-23,10,8386.87,6897.78,2190.66,1397.81,production
2026-06-23,2026-06-23,30,8387.23,5520.38,2200.0,4193.61,production
2026-06-23,2026-06-23,30,8367.51,4461.05,2200.0,4183.76,production
2026-06-23,2026-06-23,60,8203.82,4185.2,2200.0,8203.82,production
2026-06-23,2026-06-23,60,8223.11,4215.39,2200.0,8223.11,production
2026-06-23,2026-06-23,360,8058.22,1621.33,2200.0,48349.32,reference_only
2026-06-23,2026-06-23,360,8819.08,1377.77,2200.0,52914.48,reference_only
2026-06-23,2026-06-23,1440,7550.14,715.88,2200.0,181203.36,reference_only
2026-06-23,2026-06-23,1440,7523.84,741.51,2200.0,180572.16,reference_only
2026-06-24,2026-06-24,10,10538.59,8910.82,2199.03,1756.43,production
2026-06-24,2026-06-24,10,10553.5,8949.42,2197.59,1758.92,production
2026-06-24,2026-06-24,30,10284.81,7127.59,2200.0,5142.4,production
2026-06-24,2026-06-24,30,10257.98,5773.71,2200.0,5128.99,production
2026-06-24,2026-06-24,60,9825.3,5317.96,2200.0,9825.3,production
2026-06-24,2026-06-24,60,9902.8,5413.53,2200.0,9902.8,production
2026-06-24,2026-06-24,360,9007.66,2008.0,2200.0,54045.96,reference_only
2026-06-24,2026-06-24,360,9219.6,1543.9,2200.0,55317.6,reference_only
2026-06-24,2026-06-24,1440,7859.81,762.58,2200.0,188635.44,reference_only
2026-06-24,2026-06-24,1440,7854.19,775.93,2200.0,188500.56,reference_only
2026-06-25,2026-06-25,10,13037.16,11378.51,2200.0,2172.86,production
2026-06-25,2026-06-25,10,12761.93,11128.57,2200.0,2126.99,production
2026-06-25,2026-06-25,30,12832.02,9576.8,2200.0,6416.01,production
2026-06-25,2026-06-25,30,12683.72,7877.41,2200.0,6341.86,production
2026-06-25,2026-06-25,60,12292.51,7564.94,2200.0,12292.51,production
2026-06-25,2026-06-25,60,12189.61,7497.99,2200.0,12189.61,production
2026-06-25,2026-06-25,360,10029.79,2390.83,2200.0,60178.74,reference_only
2026-06-25,2026-06-25,360,9940.32,1456.92,2200.0,59641.92,reference_only
2026-06-25,2026-06-25,1440,8215.65,727.02,2200.0,197175.6,reference_only
2026-06-25,2026-06-25,1440,8666.0,1074.86,2200.0,207984.0,reference_only
2026-06-26,2026-06-26,10,12361.9,10712.53,2200.0,2060.32,production
2026-06-26,2026-06-26,10,12153.63,10525.43,2200.0,2025.6,production
2026-06-26,2026-06-26,30,12097.46,8879.07,2200.0,6048.73,production
2026-06-26,2026-06-26,30,11968.34,7397.87,2200.0,5984.17,production
2026-06-26,2026-06-26,60,11831.89,7194.46,2200.0,11831.89,production
2026-06-26,2026-06-26,60,11462.41,6902.78,2200.0,11462.41,production
2026-06-26,2026-06-26,360,10946.3,3129.06,2200.0,65677.8,reference_only
2026-06-26,2026-06-26,360,11416.69,2856.35,2200.0,68500.14,reference_only
2026-06-26,2026-06-26,1440,8486.01,1132.97,2200.0,203664.24,reference_only
2026-06-26,2026-06-26,1440,9081.89,1560.54,2200.0,217965.36,reference_only
2026-06-27,2026-06-27,10,12288.77,10632.86,2200.0,2048.13,production
2026-06-27,2026-06-27,10,11910.45,10280.71,2200.0,1985.08,production
2026-06-27,2026-06-27,30,11925.76,8749.61,2200.0,5962.88,production
2026-06-27,2026-06-27,30,11793.11,7331.8,2200.0,5896.56,production
2026-06-27,2026-06-27,60,11490.49,6915.74,2200.0,11490.49,production
2026-06-27,2026-06-27,60,11118.84,6637.92,2200.0,11118.84,production
2026-06-27,2026-06-27,360,9377.26,1931.93,2200.0,56263.56,reference_only
2026-06-27,2026-06-27,360,9160.96,1718.0,2200.0,54965.76,reference_only
2026-06-27,2026-06-27,1440,8543.44,1246.81,2200.0,205042.56,reference_only
2026-06-27,2026-06-27,1440,9159.93,1771.58,2200.0,219838.32,reference_only
2026-06-28,2026-06-28,10,10415.14,8763.65,2200.0,1735.86,production
2026-06-28,2026-06-28,10,10407.12,8780.81,2200.0,1734.52,production
2026-06-28,2026-06-28,30,10484.1,7325.5,2200.0,5242.05,production
2026-06-28,2026-06-28,30,10709.69,6229.97,2200.0,5354.85,production
2026-06-28,2026-06-28,60,10358.38,5791.87,2200.0,10358.38,production
2026-06-28,2026-06-28,60,9899.73,5386.36,2200.0,9899.73,production
2026-06-28,2026-06-28,360,9285.34,2132.4,2200.0,55712.04,reference_only
2026-06-28,2026-06-28,360,8517.88,1243.6,2200.0,51107.28,reference_only
2026-06-28,2026-06-28,1440,7776.46,617.96,2200.0,186635.04,reference_only
2026-06-28,2026-06-28,1440,8192.24,963.88,2200.0,196613.76,reference_only
2026-06-29,2026-06-29,10,9279.02,7679.13,2198.02,1546.5,production
2026-06-29,2026-06-29,10,9120.75,7549.96,2197.0,1520.12,production
2026-06-29,2026-06-29,30,9281.48,6318.94,2200.0,4640.74,production
2026-06-29,2026-06-29,30,9325.8,5432.3,2200.0,4662.9,production
2026-06-29,2026-06-29,60,9055.64,4902.73,2200.0,9055.64,production
2026-06-29,2026-06-29,60,8712.52,4686.97,2200.0,8712.52,production
2026-06-29,2026-06-29,360,7977.79,849.22,2200.0,47866.74,reference_only
2026-06-29,2026-06-29,360,8119.08,875.63,2200.0,48714.48,reference_only
2026-06-29,2026-06-29,1440,7489.31,873.37,2200.0,179743.44,reference_only
2026-06-29,2026-06-29,1440,8027.59,1302.72,2200.0,192662.16,reference_only
2026-06-30,2026-06-30,10,6919.34,5464.86,2186.45,1153.22,production
2026-06-30,2026-06-30,10,6899.08,5453.26,2189.06,1149.85,production
2026-06-30,2026-06-30,30,7023.99,4268.53,2200.0,3511.99,production
2026-06-30,2026-06-30,30,7172.51,3478.58,2200.0,3586.26,production
2026-06-30,2026-06-30,60,7062.55,3191.49,2200.0,7062.55,production
2026-06-30,2026-06-30,60,6936.19,3053.11,2200.0,6936.19,production
2026-06-30,2026-06-30,360,8483.7,1764.99,2200.0,50902.2,reference_only
2026-06-30,2026-06-30,360,7676.21,959.31,2200.0,46057.26,reference_only
2026-06-30,2026-06-30,1440,6682.39,551.45,2200.0,160377.36,reference_only
2026-06-30,2026-06-30,1440,6794.79,686.94,2200.0,163074.96,reference_only
2026-07-01,2026-07-01,10,18074.19,16415.55,2200.0,3012.36,production
2026-07-01,2026-07-01,10,18003.12,16369.76,2200.0,3000.52,production
2026-07-01,2026-07-01,30,17070.13,13814.91,2200.0,8535.07,production
2026-07-01,2026-07-01,30,16848.5,12042.18,2200.0,8424.25,production
2026-07-01,2026-07-01,60,16271.34,11543.77,2200.0,16271.34,production
2026-07-01,2026-07-01,60,16728.15,12036.53,2200.0,16728.15,production
2026-07-01,2026-07-01,360,13061.55,5142.34,2200.0,78369.3,reference_only
2026-07-01,2026-07-01,360,13781.64,4849.19,2200.0,82689.84,reference_only
2026-07-01,2026-07-01,1440,12053.34,3056.21,2200.0,289280.16,reference_only
2026-07-01,2026-07-01,1440,12512.28,3464.83,2200.0,300294.72,reference_only
2026-07-02,2026-07-02,10,5861.62,4687.12,2157.14,976.94,production
2026-07-02,2026-07-02,10,5919.58,4697.07,2178.46,986.6,production
2026-07-02,2026-07-02,30,5981.97,3756.73,2200.0,2990.99,production
2026-07-02,2026-07-02,30,6476.15,3122.64,2200.0,3238.07,production
2026-07-02,2026-07-02,60,6014.87,2998.58,2200.0,6014.87,production
2026-07-02,2026-07-02,60,6338.08,3057.7,2200.0,6338.08,production
2026-07-02,2026-07-02,360,6580.72,585.28,2200.0,39484.32,reference_only
2026-07-02,2026-07-02,360,6653.89,166.45,2200.0,39923.34,reference_only
2026-07-02,2026-07-02,1440,7436.73,775.14,2200.0,178481.52,reference_only
2026-07-02,2026-07-02,1440,7517.39,1079.11,2200.0,180417.36,reference_only
2026-07-03,2026-07-03,10,11995.01,10337.04,2200.0,1999.17,production
2026-07-03,2026-07-03,10,12008.55,10376.1,2200.0,2001.42,production
2026-07-03,2026-07-03,30,12007.46,8815.98,2200.0,6003.73,production
2026-07-03,2026-07-03,30,12078.5,7587.79,2200.0,6039.25,production
2026-07-03,2026-07-03,60,12014.6,7524.4,2200.0,12014.6,production
2026-07-03,2026-07-03,60,12108.91,7663.07,2200.0,12108.91,production
2026-07-03,2026-07-03,360,10433.86,3369.48,2200.0,62603.16,reference_only
2026-07-03,2026-07-03,360,10707.74,2764.27,2200.0,64246.44,reference_only
2026-07-03,2026-07-03,1440,9341.87,1761.75,2200.0,224204.88,reference_only
2026-07-03,2026-07-03,1440,9514.9,1803.21,2200.0,228357.6,reference_only
2026-07-04,2026-07-04,10,4827.37,3396.78,2186.44,804.56,production
2026-07-04,2026-07-04,10,4641.57,3226.18,2185.38,773.59,production
2026-07-04,2026-07-04,30,4674.66,1996.46,2200.0,2337.33,production
2026-07-04,2026-07-04,30,4553.96,1075.1,2200.0,2276.98,production
2026-07-04,2026-07-04,60,4448.76,925.3,2200.0,4448.76,production
2026-07-04,2026-07-04,60,4631.93,1141.25,2200.0,4631.93,production
2026-07-04,2026-07-04,360,7626.5,1658.58,2200.0,45759.0,reference_only
2026-07-04,2026-07-04,360,7287.64,995.98,2200.0,43725.84,reference_only
2026-07-04,2026-07-04,1440,4200.24,0.0,2200.0,100805.76,reference_only
2026-07-04,2026-07-04,1440,4664.43,0.0,2200.0,111946.32,reference_only
2026-07-05,2026-07-05,10,7466.05,6011.6,2188.26,1244.34,production
2026-07-05,2026-07-05,10,7415.85,5979.38,2189.93,1235.97,production
2026-07-05,2026-07-05,30,7431.48,4711.95,2200.0,3715.74,production
2026-07-05,2026-07-05,30,7382.81,3764.47,2200.0,3691.41,production
2026-07-05,2026-07-05,60,7683.51,3941.37,2200.0,7683.51,production
2026-07-05,2026-07-05,60,7951.41,4179.94,2200.0,7951.41,production
2026-07-05,2026-07-05,360,6809.39,303.75,2200.0,40856.34,reference_only
2026-07-05,2026-07-05,360,7152.35,225.61,2200.0,42914.1,reference_only
2026-07-05,2026-07-05,1440,8198.42,1324.02,2200.0,196762.08,reference_only
2026-07-05,2026-07-05,1440,7494.6,899.96,2200.0,179870.4,reference_only
2026-07-06,2026-07-06,10,11122.85,9464.94,2200.0,1853.81,production
2026-07-06,2026-07-06,10,11118.91,9485.64,2200.0,1853.15,production
2026-07-06,2026-07-06,30,10754.79,7521.66,2200.0,5377.4,production
2026-07-06,2026-07-06,30,10799.05,6124.79,2200.0,5399.52,production
2026-07-06,2026-07-06,60,10335.21,5680.67,2200.0,10335.21,production
2026-07-06,2026-07-06,60,10307.79,5682.29,2200.0,10307.79,production
2026-07-06,2026-07-06,360,9746.63,2442.15,2200.0,58479.78,reference_only
2026-07-06,2026-07-06,360,9763.65,1852.97,2200.0,58581.9,reference_only
2026-07-06,2026-07-06,1440,8095.78,989.23,2200.0,194298.72,reference_only
2026-07-06,2026-07-06,1440,8034.45,939.7,2200.0,192826.8,reference_only
2026-07-07,2026-07-07,10,9173.02,7518.64,2200.0,1528.84,production
2026-07-07,2026-07-07,10,9010.49,7381.02,2200.0,1501.75,production
2026-07-07,2026-07-07,30,9002.66,5861.19,2200.0,4501.33,production
2026-07-07,2026-07-07,30,9067.68,4847.34,2200.0,4533.84,production
2026-07-07,2026-07-07,60,8469.15,4058.32,2200.0,8469.15,production
2026-07-07,2026-07-07,60,8591.77,4256.04,2200.0,8591.77,production
2026-07-07,2026-07-07,360,9042.83,2220.02,2200.0,54256.98,reference_only
2026-07-07,2026-07-07,360,9247.85,2060.44,2200.0,55487.1,reference_only
2026-07-07,2026-07-07,1440,7245.73,646.32,2200.0,173897.52,reference_only
2026-07-07,2026-07-07,1440,7333.36,887.46,2200.0,176000.64,reference_only
2026-07-08,2026-07-08,10,619.31,136.43,2048.42,103.22,production
2026-07-08,2026-07-08,10,1069.78,144.17,2197.09,178.3,production
2026-07-08,2026-07-08,30,963.93,24.48,2200.0,481.96,production
2026-07-08,2026-07-08,30,4615.61,0.0,2200.0,2307.8,production
2026-07-08,2026-07-08,60,1239.69,0.0,2200.0,1239.69,production
2026-07-08,2026-07-08,60,2960.91,0.0,2200.0,2960.91,production
2026-07-08,2026-07-08,360,5621.3,90.78,2200.0,33727.8,reference_only
2026-07-08,2026-07-08,360,6327.98,60.29,2200.0,37967.88,reference_only
2026-07-08,2026-07-08,1440,4320.97,0.0,2200.0,103703.28,reference_only
2026-07-08,2026-07-08,1440,4717.85,75.15,2200.0,113228.4,reference_only
2026-07-09,2026-07-09,10,378.33,0.0,2036.98,63.05,production
2026-07-09,2026-07-09,10,866.4,0.0,2200.0,144.4,production
2026-07-09,2026-07-09,30,726.61,0.0,2200.0,363.31,production
2026-07-09,2026-07-09,30,4806.32,0.0,2200.0,2403.16,production
2026-07-09,2026-07-09,60,1007.45,0.0,2200.0,1007.45,production
2026-07-09,2026-07-09,60,2947.76,0.0,2200.0,2947.76,production
2026-07-09,2026-07-09,360,3414.35,0.0,2200.0,20486.1,reference_only
2026-07-09,2026-07-09,360,6530.91,229.36,2200.0,39185.46,reference_only
2026-07-09,2026-07-09,1440,3987.55,0.0,2200.0,95701.2,reference_only
2026-07-09,2026-07-09,1440,4082.92,0.0,2200.0,97990.08,reference_only
2026-07-10,2026-07-10,10,378.33,0.0,2036.98,63.05,production
2026-07-10,2026-07-10,10,866.4,0.0,2200.0,144.4,production
2026-07-10,2026-07-10,30,726.61,0.0,2200.0,363.31,production
2026-07-10,2026-07-10,30,4806.32,0.0,2200.0,2403.16,production
2026-07-10,2026-07-10,60,1007.45,0.0,2200.0,1007.45,production
2026-07-10,2026-07-10,60,2947.76,0.0,2200.0,2947.76,production
2026-07-10,2026-07-10,360,3022.19,0.0,2200.0,18133.14,reference_only
2026-07-10,2026-07-10,360,6342.97,229.36,2200.0,38057.82,reference_only
2026-07-10,2026-07-10,1440,3987.55,0.0,2200.0,95701.2,reference_only
2026-07-10,2026-07-10,1440,4082.92,0.0,2200.0,97990.08,reference_only
2026-07-11,2026-07-11,10,378.33,0.0,2036.98,63.05,production
2026-07-11,2026-07-11,10,866.4,0.0,2200.0,144.4,production
2026-07-11,2026-07-11,30,726.61,0.0,2200.0,363.31,production
2026-07-11,2026-07-11,30,4806.32,0.0,2200.0,2403.16,production
2026-07-11,2026-07-11,60,1007.45,0.0,2200.0,1007.45,production
2026-07-11,2026-07-11,60,2947.76,0.0,2200.0,2947.76,production
2026-07-11,2026-07-11,360,3022.19,0.0,2200.0,18133.14,reference_only
2026-07-11,2026-07-11,360,6342.97,229.36,2200.0,38057.82,reference_only
2026-07-11,2026-07-11,1440,3987.55,0.0,2200.0,95701.2,reference_only
2026-07-11,2026-07-11,1440,4082.92,0.0,2200.0,97990.08,reference_only
2026-07-12,2026-07-12,10,378.33,0.0,2036.98,63.05,production
2026-07-12,2026-07-12,10,866.4,0.0,2200.0,144.4,production
2026-07-12,2026-07-12,30,726.61,0.0,2200.0,363.31,production
2026-07-12,2026-07-12,30,4806.32,0.0,2200.0,2403.16,production
2026-07-12,2026-07-12,60,1007.45,0.0,2200.0,1007.45,production
2026-07-12,2026-07-12,60,2947.76,0.0,2200.0,2947.76,production
2026-07-12,2026-07-12,360,3022.19,0.0,2200.0,18133.14,reference_only
2026-07-12,2026-07-12,360,6342.97,229.36,2200.0,38057.82,reference_only
2026-07-12,2026-07-12,1440,3987.55,0.0,2200.0,95701.2,reference_only
2026-07-12,2026-07-12,1440,4082.92,0.0,2200.0,97990.08,reference_only
2026-07-13,2026-07-13,10,10787.15,9134.94,2200.0,1797.86,production
2026-07-13,2026-07-13,10,10647.42,9019.49,2200.0,1774.57,production
2026-07-13,2026-07-13,30,10536.38,7343.11,2200.0,5268.19,production
2026-07-13,2026-07-13,30,10727.15,6182.97,2200.0,5363.57,production
2026-07-13,2026-07-13,60,9762.67,5152.21,2200.0,9762.67,production
2026-07-13,2026-07-13,60,9818.83,5277.76,2200.0,9818.83,production
2026-07-13,2026-07-13,360,8806.54,1421.42,2200.0,52839.24,reference_only
2026-07-13,2026-07-13,360,9629.97,1366.05,2200.0,57779.82,reference_only
2026-07-13,2026-07-13,1440,7533.3,467.78,2200.0,180799.2,reference_only
2026-07-13,2026-07-13,1440,8474.82,1042.02,2200.0,203395.68,reference_only
2026-07-14,2026-07-14,10,9529.04,7945.41,2196.84,1588.17,production
2026-07-14,2026-07-14,10,9356.92,7792.21,2196.89,1559.49,production
2026-07-14,2026-07-14,30,9325.2,6316.9,2200.0,4662.6,production
2026-07-14,2026-07-14,30,9679.09,5464.7,2200.0,4839.55,production
2026-07-14,2026-07-14,60,8569.71,4275.07,2200.0,8569.71,production
2026-07-14,2026-07-14,60,8660.86,4423.14,2200.0,8660.86,production
2026-07-14,2026-07-14,360,9519.57,2129.19,2200.0,57117.42,reference_only
2026-07-14,2026-07-14,360,8329.26,1134.42,2200.0,49975.56,reference_only
2026-07-14,2026-07-14,1440,7734.65,485.06,2200.0,185631.6,reference_only
2026-07-14,2026-07-14,1440,7716.01,497.24,2200.0,185184.24,reference_only
2026-07-15,2026-07-15,10,11025.65,9378.37,2200.0,1837.61,production
2026-07-15,2026-07-15,10,10777.19,9153.51,2200.0,1796.2,production
2026-07-15,2026-07-15,30,10843.92,7661.59,2200.0,5421.96,production
2026-07-15,2026-07-15,30,10520.79,6096.66,2200.0,5260.4,production
2026-07-15,2026-07-15,60,10072.59,5502.51,2200.0,10072.59,production
2026-07-15,2026-07-15,60,10237.29,5747.27,2200.0,10237.29,production
2026-07-15,2026-07-15,360,9988.13,2336.35,2200.0,59928.78,reference_only
2026-07-15,2026-07-15,360,8962.72,1341.5,2200.0,53776.32,reference_only
2026-07-15,2026-07-15,1440,8347.26,1255.41,2200.0,200334.24,reference_only
2026-07-15,2026-07-15,1440,8642.49,1717.99,2200.0,207419.76,reference_only
2026-07-16,2026-07-16,10,9793.21,8140.07,2200.0,1632.2,production
2026-07-16,2026-07-16,10,9606.42,7978.5,2200.0,1601.07,production
2026-07-16,2026-07-16,30,9538.9,6388.72,2200.0,4769.45,production
2026-07-16,2026-07-16,30,9388.81,5027.87,2200.0,4694.4,production
2026-07-16,2026-07-16,60,8996.83,4492.04,2200.0,8996.83,production
2026-07-16,2026-07-16,60,8912.2,4462.42,2200.0,8912.2,production
2026-07-16,2026-07-16,360,10211.97,2481.86,2200.0,61271.82,reference_only
2026-07-16,2026-07-16,360,8525.69,657.92,2200.0,51154.14,reference_only
2026-07-16,2026-07-16,1440,7671.17,797.39,2200.0,184108.08,reference_only
2026-07-16,2026-07-16,1440,8387.68,1448.47,2200.0,201304.32,reference_only
2026-07-17,2026-07-17,10,9744.29,8105.3,2200.0,1624.05,production
2026-07-17,2026-07-17,10,9660.96,8045.15,2200.0,1610.16,production
2026-07-17,2026-07-17,30,9600.21,6470.41,2200.0,4800.1,production
2026-07-17,2026-07-17,30,9557.7,5384.29,2200.0,4778.85,production
2026-07-17,2026-07-17,60,9028.02,4618.47,2200.0,9028.02,production
2026-07-17,2026-07-17,60,8905.1,4572.26,2200.0,8905.1,production
2026-07-17,2026-07-17,360,8938.85,1461.94,2200.0,53633.1,reference_only
2026-07-17,2026-07-17,360,8758.87,923.14,2200.0,52553.22,reference_only
2026-07-17,2026-07-17,1440,7772.14,862.4,2200.0,186531.36,reference_only
2026-07-17,2026-07-17,1440,8181.97,1316.0,2200.0,196367.28,reference_only
2026-07-18,2026-07-18,10,12450.28,10791.63,2200.0,2075.05,production
2026-07-18,2026-07-18,10,12149.12,10515.76,2200.0,2024.85,production
2026-07-18,2026-07-18,30,12290.51,9036.93,2200.0,6145.26,production
2026-07-18,2026-07-18,30,12177.28,7508.88,2200.0,6088.64,production
2026-07-18,2026-07-18,60,11815.99,7103.92,2200.0,11815.99,production
2026-07-18,2026-07-18,60,11686.96,7022.85,2200.0,11686.96,production
2026-07-18,2026-07-18,360,8887.67,1812.33,2200.0,53326.02,reference_only
2026-07-18,2026-07-18,360,8633.77,1465.67,2200.0,51802.62,reference_only
2026-07-18,2026-07-18,1440,8416.64,1127.79,2200.0,201999.36,reference_only
2026-07-18,2026-07-18,1440,8882.38,1595.91,2200.0,213177.12,reference_only
2026-07-19,2026-07-19,10,11438.98,9789.37,2200.0,1906.5,production
2026-07-19,2026-07-19,10,11457.25,9834.23,2200.0,1909.54,production
2026-07-19,2026-07-19,30,11171.28,7962.06,2200.0,5585.64,production
2026-07-19,2026-07-19,30,10908.97,6337.86,2200.0,5454.48,production
2026-07-19,2026-07-19,60,10612.55,6009.6,2200.0,10612.55,production
2026-07-19,2026-07-19,60,10618.7,6029.88,2200.0,10618.7,production
2026-07-19,2026-07-19,360,9509.01,2142.92,2200.0,57054.06,reference_only
2026-07-19,2026-07-19,360,8974.77,1359.04,2200.0,53848.62,reference_only
2026-07-19,2026-07-19,1440,8473.04,1066.56,2200.0,203352.96,reference_only
2026-07-19,2026-07-19,1440,8777.09,1306.87,2200.0,210650.16,reference_only
2026-07-20,2026-07-20,10,12705.51,11046.87,2200.0,2117.59,production
2026-07-20,2026-07-20,10,12703.17,11069.81,2200.0,2117.2,production
2026-07-20,2026-07-20,30,12463.49,9218.05,2200.0,6231.74,production
2026-07-20,2026-07-20,30,12153.39,7525.14,2200.0,6076.69,production
2026-07-20,2026-07-20,60,11445.46,6817.97,2200.0,11445.46,production
2026-07-20,2026-07-20,60,11498.74,6891.18,2200.0,11498.74,production
2026-07-20,2026-07-20,360,10332.95,2864.49,2200.0,61997.7,reference_only
2026-07-20,2026-07-20,360,10831.67,2549.68,2200.0,64990.02,reference_only
2026-07-20,2026-07-20,1440,8967.21,1695.28,2200.0,215213.04,reference_only
2026-07-20,2026-07-20,1440,9080.18,1776.4,2200.0,217924.32,reference_only
2026-07-21,2026-07-21,10,12135.09,10476.44,2200.0,2022.51,production
2026-07-21,2026-07-21,10,12134.89,10501.53,2200.0,2022.48,production
2026-07-21,2026-07-21,30,11794.01,8550.96,2200.0,5897.01,production
2026-07-21,2026-07-21,30,11651.27,6974.34,2200.0,5825.64,production
2026-07-21,2026-07-21,60,10915.17,6274.27,2200.0,10915.17,production
2026-07-21,2026-07-21,60,10985.65,6384.19,2200.0,10985.65,production
2026-07-21,2026-07-21,360,10157.96,2583.73,2200.0,60947.76,reference_only
2026-07-21,2026-07-21,360,10920.03,2466.74,2200.0,65520.18,reference_only
2026-07-21,2026-07-21,1440,8404.89,994.49,2200.0,201717.36,reference_only
2026-07-21,2026-07-21,1440,8702.5,1103.18,2200.0,208860.0,reference_only
2026-07-22,2026-07-22,10,9058.25,7591.6,2187.34,1509.71,production
2026-07-22,2026-07-22,10,9058.86,7609.05,2186.37,1509.81,production
2026-07-22,2026-07-22,30,8798.59,6028.72,2200.0,4399.3,production
2026-07-22,2026-07-22,30,8871.02,5007.17,2200.0,4435.51,production
2026-07-22,2026-07-22,60,8497.38,4584.17,2200.0,8497.38,production
2026-07-22,2026-07-22,60,8501.83,4592.83,2200.0,8501.83,production
2026-07-22,2026-07-22,360,9194.95,2355.52,2200.0,55169.7,reference_only
2026-07-22,2026-07-22,360,9906.01,2134.04,2200.0,59436.06,reference_only
2026-07-22,2026-07-22,1440,7124.09,554.38,2200.0,170978.16,reference_only
2026-07-22,2026-07-22,1440,6946.55,656.66,2200.0,166717.2,reference_only
2026-07-23,2026-07-23,10,9796.61,8146.92,2200.0,1632.77,production
2026-07-23,2026-07-23,10,9839.59,8211.44,2200.0,1639.93,production
2026-07-23,2026-07-23,30,9449.19,6233.11,2200.0,4724.6,production
2026-07-23,2026-07-23,30,9508.88,4905.68,2200.0,4754.44,production
2026-07-23,2026-07-23,60,9075.95,4458.35,2200.0,9075.95,production
2026-07-23,2026-07-23,60,9142.61,4560.65,2200.0,9142.61,production
2026-07-23,2026-07-23,360,8100.05,1168.59,2200.0,48600.3,reference_only
2026-07-23,2026-07-23,360,8086.55,841.22,2200.0,48519.3,reference_only
2026-07-23,2026-07-23,1440,7309.76,210.87,2200.0,175434.24,reference_only
2026-07-23,2026-07-23,1440,7390.92,219.32,2200.0,177382.08,reference_only
2026-07-24,2026-07-24,10,7108.02,5546.72,2185.6,1184.67,production
2026-07-24,2026-07-24,10,7139.32,5565.3,2197.07,1189.89,production
2026-07-24,2026-07-24,30,7110.81,4098.24,2200.0,3555.41,production
2026-07-24,2026-07-24,30,7365.34,3085.32,2200.0,3682.67,production
2026-07-24,2026-07-24,60,7101.77,2956.63,2200.0,7101.77,production
2026-07-24,2026-07-24,60,7203.05,2962.46,2200.0,7203.05,production
2026-07-24,2026-07-24,360,8007.32,1478.35,2200.0,48043.92,reference_only
2026-07-24,2026-07-24,360,8388.39,1162.25,2200.0,50330.34,reference_only
2026-07-24,2026-07-24,1440,7183.53,543.26,2200.0,172404.72,reference_only
2026-07-24,2026-07-24,1440,7487.2,660.16,2200.0,179692.8,reference_only
2026-07-25,2026-07-25,10,378.33,0.0,2036.98,63.05,production
2026-07-25,2026-07-25,10,866.4,0.0,2200.0,144.4,production
2026-07-25,2026-07-25,30,726.61,0.0,2200.0,363.31,production
2026-07-25,2026-07-25,30,4806.32,0.0,2200.0,2403.16,production
2026-07-25,2026-07-25,60,996.52,0.0,2200.0,996.52,production
2026-07-25,2026-07-25,60,2906.09,0.0,2200.0,2906.09,production
2026-07-25,2026-07-25,360,6979.86,816.06,2200.0,41879.16,reference_only
2026-07-25,2026-07-25,360,7072.71,444.52,2200.0,42436.26,reference_only
2026-07-25,2026-07-25,1440,4360.49,85.04,2200.0,104651.76,reference_only
2026-07-25,2026-07-25,1440,4481.42,110.43,2200.0,107554.08,reference_only
2026-07-26,2026-07-26,10,378.33,0.0,2036.98,63.05,production
2026-07-26,2026-07-26,10,866.4,0.0,2200.0,144.4,production
2026-07-26,2026-07-26,30,726.61,0.0,2200.0,363.31,production
2026-07-26,2026-07-26,30,4806.32,0.0,2200.0,2403.16,production
2026-07-26,2026-07-26,60,1007.45,0.0,2200.0,1007.45,production
2026-07-26,2026-07-26,60,2947.76,0.0,2200.0,2947.76,production
2026-07-26,2026-07-26,360,3022.19,0.0,2200.0,18133.14,reference_only
2026-07-26,2026-07-26,360,6342.97,229.36,2200.0,38057.82,reference_only
2026-07-26,2026-07-26,1440,3987.55,0.0,2200.0,95701.2,reference_only
2026-07-26,2026-07-26,1440,4082.92,0.0,2200.0,97990.08,reference_only
2026-07-27,2026-07-27,10,378.33,0.0,2036.98,63.05,production
2026-07-27,2026-07-27,10,866.4,0.0,2200.0,144.4,production
2026-07-27,2026-07-27,30,726.61,0.0,2200.0,363.31,production
2026-07-27,2026-07-27,30,4806.32,0.0,2200.0,2403.16,production
2026-07-27,2026-07-27,60,1007.45,0.0,2200.0,1007.45,production
2026-07-27,2026-07-27,60,2947.76,0.0,2200.0,2947.76,production
2026-07-27,2026-07-27,360,3022.19,0.0,2200.0,18133.14,reference_only
2026-07-27,2026-07-27,360,6342.97,229.36,2200.0,38057.82,reference_only
2026-07-27,2026-07-27,1440,3987.55,0.0,2200.0,95701.2,reference_only
2026-07-27,2026-07-27,1440,4082.92,0.0,2200.0,97990.08,reference_only
2026-07-28,2026-07-28,10,378.33,0.0,2036.98,63.05,production
2026-07-28,2026-07-28,10,866.4,0.0,2200.0,144.4,production
2026-07-28,2026-07-28,30,726.61,0.0,2200.0,363.31,production
2026-07-28,2026-07-28,30,4806.32,0.0,2200.0,2403.16,production
2026-07-28,2026-07-28,60,1007.45,0.0,2200.0,1007.45,production
2026-07-28,2026-07-28,60,2947.76,0.0,2200.0,2947.76,production
2026-07-28,2026-07-28,360,3022.19,0.0,2200.0,18133.14,reference_only
2026-07-28,2026-07-28,360,6342.97,229.36,2200.0,38057.82,reference_only
2026-07-28,2026-07-28,1440,3987.55,0.0,2200.0,95701.2,reference_only
2026-07-28,2026-07-28,1440,4082.92,0.0,2200.0,97990.08,reference_only
2026-07-29,2026-07-29,10,378.33,0.0,2036.98,63.05,production
2026-07-29,2026-07-29,10,866.4,0.0,2200.0,144.4,production
2026-07-29,2026-07-29,30,726.61,0.0,2200.0,363.31,production
2026-07-29,2026-07-29,30,4806.32,0.0,2200.0,2403.16,production
2026-07-29,2026-07-29,60,1007.45,0.0,2200.0,1007.45,production
2026-07-29,2026-07-29,60,2947.76,0.0,2200.0,2947.76,production
2026-07-29,2026-07-29,360,3022.19,0.0,2200.0,18133.14,reference_only
2026-07-29,2026-07-29,360,6342.97,229.36,2200.0,38057.82,reference_only
2026-07-29,2026-07-29,1440,3987.55,0.0,2200.0,95701.2,reference_only
2026-07-29,2026-07-29,1440,4082.92,0.0,2200.0,97990.08,reference_only
2026-07-30,2026-07-30,10,378.33,0.0,2036.98,63.05,production
2026-07-30,2026-07-30,10,866.4,0.0,2200.0,144.4,production
2026-07-30,2026-07-30,30,726.61,0.0,2200.0,363.31,production
2026-07-30,2026-07-30,30,4806.32,0.0,2200.0,2403.16,production
2026-07-30,2026-07-30,60,1007.45,0.0,2200.0,1007.45,production
2026-07-30,2026-07-30,60,2947.76,0.0,2200.0,2947.76,production
2026-07-30,2026-07-30,360,3022.19,0.0,2200.0,18133.14,reference_only
2026-07-30,2026-07-30,360,6342.97,229.36,2200.0,38057.82,reference_only
2026-07-30,2026-07-30,1440,3987.55,0.0,2200.0,95701.2,reference_only
2026-07-30,2026-07-30,1440,4082.92,0.0,2200.0,97990.08,reference_only
2026-07-31,2026-07-31,10,378.33,0.0,2036.98,63.05,production
2026-07-31,2026-07-31,10,866.4,0.0,2200.0,144.4,production
2026-07-31,2026-07-31,30,726.61,0.0,2200.0,363.31,production
2026-07-31,2026-07-31,30,4806.32,0.0,2200.0,2403.16,production
2026-07-31,2026-07-31,60,1007.45,0.0,2200.0,1007.45,production
2026-07-31,2026-07-31,60,2947.76,0.0,2200.0,2947.76,production
2026-07-31,2026-07-31,360,3022.19,0.0,2200.0,18133.14,reference_only
2026-07-31,2026-07-31,360,6342.97,229.36,2200.0,38057.82,reference_only
2026-07-31,2026-07-31,1440,3987.55,0.0,2200.0,95701.2,reference_only
2026-07-31,2026-07-31,1440,4082.92,0.0,2200.0,97990.08,reference_only
